IMG,ts,steering
data/IMG/1.jpg,22005,0
data/IMG/2.jpg,22365,0
data/IMG/3.jpg,22410,0
data/IMG/4.jpg,22455,0
data/IMG/5.jpg,22500,0
data/IMG/6.jpg,22545,0
data/IMG/7.jpg,22575,0
data/IMG/8.jpg,22620,0
data/IMG/9.jpg,22665,0
data/IMG/10.jpg,22710,0
data/IMG/11.jpg,22755,0
data/IMG/12.jpg,22800,0
data/IMG/13.jpg,22845,0
data/IMG/14.jpg,22890,0
data/IMG/15.jpg,22935,0
data/IMG/16.jpg,22965,0
data/IMG/17.jpg,23010,0
data/IMG/18.jpg,23055,0
data/IMG/19.jpg,23100,0
data/IMG/20.jpg,23145,0
data/IMG/21.jpg,23190,0
data/IMG/22.jpg,23235,0
data/IMG/23.jpg,23280,0
data/IMG/24.jpg,23325,0
data/IMG/25.jpg,23370,0
data/IMG/26.jpg,23400,0
data/IMG/27.jpg,23445,0
data/IMG/28.jpg,23490,0
data/IMG/29.jpg,23520,0
data/IMG/30.jpg,23565,0
data/IMG/31.jpg,23610,0
data/IMG/32.jpg,23655,0
data/IMG/33.jpg,23700,0
data/IMG/34.jpg,23730,0
data/IMG/35.jpg,23775,0
data/IMG/36.jpg,23820,0
data/IMG/37.jpg,23850,0
data/IMG/38.jpg,23895,0
data/IMG/39.jpg,23940,0
data/IMG/40.jpg,23970,0
data/IMG/41.jpg,24015,0
data/IMG/42.jpg,24060,0
data/IMG/43.jpg,24090,0
data/IMG/44.jpg,24135,0
data/IMG/45.jpg,24180,0
data/IMG/46.jpg,24225,0
data/IMG/47.jpg,24255,0
data/IMG/48.jpg,24285,0
data/IMG/49.jpg,24330,0
data/IMG/50.jpg,24360,0
data/IMG/51.jpg,24405,0
data/IMG/52.jpg,24450,0
data/IMG/53.jpg,24495,0
data/IMG/54.jpg,24525,0
data/IMG/55.jpg,24570,0
data/IMG/56.jpg,24600,0
data/IMG/57.jpg,24645,0
data/IMG/58.jpg,24690,0
data/IMG/59.jpg,24735,0
data/IMG/60.jpg,24780,0
data/IMG/61.jpg,24825,0
data/IMG/62.jpg,24855,0
data/IMG/63.jpg,24900,0
data/IMG/64.jpg,24945,0
data/IMG/65.jpg,24990,0
data/IMG/66.jpg,25020,0
data/IMG/67.jpg,25050,0
data/IMG/68.jpg,25095,0
data/IMG/69.jpg,25140,0
data/IMG/70.jpg,25170,0
data/IMG/71.jpg,25215,0
data/IMG/72.jpg,25245,0
data/IMG/73.jpg,25290,0
data/IMG/74.jpg,25335,0
data/IMG/75.jpg,25365,0
data/IMG/76.jpg,25395,0
data/IMG/77.jpg,25440,0
data/IMG/78.jpg,25470,0
data/IMG/79.jpg,25515,0
data/IMG/80.jpg,25545,0
data/IMG/81.jpg,25575,0
data/IMG/82.jpg,25620,0
data/IMG/83.jpg,25665,0
data/IMG/84.jpg,25710,0
data/IMG/85.jpg,25740,0
data/IMG/86.jpg,25785,0
data/IMG/87.jpg,25830,0
data/IMG/88.jpg,25875,0
data/IMG/89.jpg,25920,0
data/IMG/90.jpg,25950,0
data/IMG/91.jpg,25995,0
data/IMG/92.jpg,26040,0
data/IMG/93.jpg,26085,0
data/IMG/94.jpg,26130,0
data/IMG/95.jpg,26175,0
data/IMG/96.jpg,26205,0
data/IMG/97.jpg,26250,0
data/IMG/98.jpg,26280,0
data/IMG/99.jpg,26325,0
data/IMG/100.jpg,26370,0
data/IMG/101.jpg,26400,0
data/IMG/102.jpg,26445,0
data/IMG/103.jpg,26490,0
data/IMG/104.jpg,26535,0
data/IMG/105.jpg,26580,0
data/IMG/106.jpg,26625,0
data/IMG/107.jpg,26670,0
data/IMG/108.jpg,26715,0
data/IMG/109.jpg,26760,0
data/IMG/110.jpg,26805,0
data/IMG/111.jpg,26835,0
data/IMG/112.jpg,26880,0
data/IMG/113.jpg,26925,0
data/IMG/114.jpg,26955,0
data/IMG/115.jpg,27000,0
data/IMG/116.jpg,27045,0
data/IMG/117.jpg,27075,0
data/IMG/118.jpg,27120,0
data/IMG/119.jpg,27165,0
data/IMG/120.jpg,27210,0
data/IMG/121.jpg,27255,0
data/IMG/122.jpg,27300,0
data/IMG/123.jpg,27345,0
data/IMG/124.jpg,27390,0
data/IMG/125.jpg,27420,0
data/IMG/126.jpg,27465,0
data/IMG/127.jpg,27510,0
data/IMG/128.jpg,27540,0
data/IMG/129.jpg,27585,0
data/IMG/130.jpg,27615,0
data/IMG/131.jpg,27660,0
data/IMG/132.jpg,27690,0
data/IMG/133.jpg,27735,0
data/IMG/134.jpg,27780,0
data/IMG/135.jpg,27825,0
data/IMG/136.jpg,27855,0
data/IMG/137.jpg,27900,0
data/IMG/138.jpg,27945,0
data/IMG/139.jpg,27975,0
data/IMG/140.jpg,28020,0
data/IMG/141.jpg,28050,0
data/IMG/142.jpg,28095,0
data/IMG/143.jpg,28140,0
data/IMG/144.jpg,28185,0
data/IMG/145.jpg,28230,0
data/IMG/146.jpg,28260,0
data/IMG/147.jpg,28305,0
data/IMG/148.jpg,28350,0
data/IMG/149.jpg,28395,0
data/IMG/150.jpg,28425,0
data/IMG/151.jpg,28470,0
data/IMG/152.jpg,28515,0
data/IMG/153.jpg,28560,0
data/IMG/154.jpg,28590,0
data/IMG/155.jpg,28635,0
data/IMG/156.jpg,28680,0
data/IMG/157.jpg,28725,0
data/IMG/158.jpg,28770,0
data/IMG/159.jpg,28815,0
data/IMG/160.jpg,28845,0
data/IMG/161.jpg,28890,0
data/IMG/162.jpg,28935,0
data/IMG/163.jpg,28980,0
data/IMG/164.jpg,29025,0
data/IMG/165.jpg,29055,0
data/IMG/166.jpg,29100,0
data/IMG/167.jpg,29145,0
data/IMG/168.jpg,29175,0
data/IMG/169.jpg,29220,0
data/IMG/170.jpg,29265,0
data/IMG/171.jpg,29310,0
data/IMG/172.jpg,29340,0
data/IMG/173.jpg,29385,0
data/IMG/174.jpg,29430,0
data/IMG/175.jpg,29460,0
data/IMG/176.jpg,29505,0
data/IMG/177.jpg,29550,0
data/IMG/178.jpg,29580,0
data/IMG/179.jpg,29610,0
data/IMG/180.jpg,29655,0
data/IMG/181.jpg,29700,0
data/IMG/182.jpg,29745,0
data/IMG/183.jpg,29775,0
data/IMG/184.jpg,29820,0
data/IMG/185.jpg,29865,0
data/IMG/186.jpg,29910,0
data/IMG/187.jpg,29940,0
data/IMG/188.jpg,29985,0
data/IMG/189.jpg,30030,0
data/IMG/190.jpg,30075,0
data/IMG/191.jpg,30105,0
data/IMG/192.jpg,30150,0
data/IMG/193.jpg,30195,0
data/IMG/194.jpg,30225,0
data/IMG/195.jpg,30270,0
data/IMG/196.jpg,30300,0
data/IMG/197.jpg,30345,0
data/IMG/198.jpg,30390,0
data/IMG/199.jpg,30435,0
data/IMG/200.jpg,30480,0
data/IMG/201.jpg,30510,0
data/IMG/202.jpg,30555,0
data/IMG/203.jpg,30585,0
data/IMG/204.jpg,30630,0
data/IMG/205.jpg,30675,0
data/IMG/206.jpg,30720,0
data/IMG/207.jpg,30750,0
data/IMG/208.jpg,30795,0
data/IMG/209.jpg,30840,0
data/IMG/210.jpg,30885,0
data/IMG/211.jpg,30915,0
data/IMG/212.jpg,30960,0
data/IMG/213.jpg,31005,0
data/IMG/214.jpg,31035,0
data/IMG/215.jpg,31080,0
data/IMG/216.jpg,31110,0
data/IMG/217.jpg,31155,0
data/IMG/218.jpg,31185,0
data/IMG/219.jpg,31215,0
data/IMG/220.jpg,31260,0
data/IMG/221.jpg,31290,0
data/IMG/222.jpg,31335,0
data/IMG/223.jpg,31365,0
data/IMG/224.jpg,31410,0
data/IMG/225.jpg,31440,0
data/IMG/226.jpg,31485,0
data/IMG/227.jpg,31515,0
data/IMG/228.jpg,31560,0
data/IMG/229.jpg,31590,0
data/IMG/230.jpg,31635,0
data/IMG/231.jpg,31665,0
data/IMG/232.jpg,31710,0
data/IMG/233.jpg,31740,0
data/IMG/234.jpg,31785,0
data/IMG/235.jpg,31815,0
data/IMG/236.jpg,31860,0
data/IMG/237.jpg,31890,0
data/IMG/238.jpg,31935,0
data/IMG/239.jpg,31965,0
data/IMG/240.jpg,32010,0
data/IMG/241.jpg,32055,0
data/IMG/242.jpg,32100,0
data/IMG/243.jpg,32145,0
data/IMG/244.jpg,32175,0
data/IMG/245.jpg,32220,0
data/IMG/246.jpg,32265,0
data/IMG/247.jpg,32295,0
data/IMG/248.jpg,32340,0
data/IMG/249.jpg,32385,0
data/IMG/250.jpg,32430,0
data/IMG/251.jpg,32475,0
data/IMG/252.jpg,32505,0
data/IMG/253.jpg,32550,0
data/IMG/254.jpg,32580,0
data/IMG/255.jpg,32625,0
data/IMG/256.jpg,32655,0
data/IMG/257.jpg,32700,0
data/IMG/258.jpg,32730,0
data/IMG/259.jpg,32775,0
data/IMG/260.jpg,32805,0
data/IMG/261.jpg,32850,0
data/IMG/262.jpg,32880,0
data/IMG/263.jpg,32925,0
data/IMG/264.jpg,32970,0
data/IMG/265.jpg,33000,0
data/IMG/266.jpg,33045,0
data/IMG/267.jpg,33090,0
data/IMG/268.jpg,33120,0
data/IMG/269.jpg,33165,0
data/IMG/270.jpg,33210,0
data/IMG/271.jpg,33255,0
data/IMG/272.jpg,33285,0
data/IMG/273.jpg,33330,0
data/IMG/274.jpg,33375,0
data/IMG/275.jpg,33405,0
data/IMG/276.jpg,33450,0
data/IMG/277.jpg,33480,0
data/IMG/278.jpg,33525,0
data/IMG/279.jpg,33570,0
data/IMG/280.jpg,33600,0
data/IMG/281.jpg,33645,0
data/IMG/282.jpg,33690,0
data/IMG/283.jpg,33720,0
data/IMG/284.jpg,33765,0
data/IMG/285.jpg,33810,0
data/IMG/286.jpg,33840,0
data/IMG/287.jpg,33885,0
data/IMG/288.jpg,33930,0
data/IMG/289.jpg,33960,0
data/IMG/290.jpg,34005,0
data/IMG/291.jpg,34035,0
data/IMG/292.jpg,34080,0
data/IMG/293.jpg,34125,0
data/IMG/294.jpg,34155,0
data/IMG/295.jpg,34200,0
data/IMG/296.jpg,34230,0
data/IMG/297.jpg,34275,0
data/IMG/298.jpg,34305,0
data/IMG/299.jpg,34350,0
data/IMG/300.jpg,34380,0
data/IMG/301.jpg,34425,0
data/IMG/302.jpg,34455,0
data/IMG/303.jpg,34500,0
data/IMG/304.jpg,34545,0
data/IMG/305.jpg,34575,0
data/IMG/306.jpg,34620,0
data/IMG/307.jpg,34650,0
data/IMG/308.jpg,34695,0
data/IMG/309.jpg,34740,0
data/IMG/310.jpg,34770,0
data/IMG/311.jpg,34815,0
data/IMG/312.jpg,34845,0
data/IMG/313.jpg,34875,0
data/IMG/314.jpg,34920,0
data/IMG/315.jpg,34950,0
data/IMG/316.jpg,34995,0
data/IMG/317.jpg,35025,0
data/IMG/318.jpg,35070,0
data/IMG/319.jpg,35100,0
data/IMG/320.jpg,35145,0
data/IMG/321.jpg,35175,0
data/IMG/322.jpg,35205,0
data/IMG/323.jpg,35250,0
data/IMG/324.jpg,35280,0
data/IMG/325.jpg,35325,0
data/IMG/326.jpg,35355,0
data/IMG/327.jpg,35385,0
data/IMG/328.jpg,35430,0
data/IMG/329.jpg,35475,0
data/IMG/330.jpg,35505,0
data/IMG/331.jpg,35550,0
data/IMG/332.jpg,35580,0
data/IMG/333.jpg,35625,0
data/IMG/334.jpg,35655,0
data/IMG/335.jpg,35700,0
data/IMG/336.jpg,35730,0
data/IMG/337.jpg,35775,0
data/IMG/338.jpg,35820,0
data/IMG/339.jpg,35850,0
data/IMG/340.jpg,35895,0
data/IMG/341.jpg,35925,0
data/IMG/342.jpg,35970,0
data/IMG/343.jpg,36015,0
data/IMG/344.jpg,36045,0
data/IMG/345.jpg,36090,0
data/IMG/346.jpg,36120,0
data/IMG/347.jpg,36165,0
data/IMG/348.jpg,36210,0
data/IMG/349.jpg,36240,0
data/IMG/350.jpg,36285,0
data/IMG/351.jpg,36315,0
data/IMG/352.jpg,36360,0
data/IMG/353.jpg,36390,0
data/IMG/354.jpg,36435,0
data/IMG/355.jpg,36465,0
data/IMG/356.jpg,36510,0
data/IMG/357.jpg,36555,0
data/IMG/358.jpg,36585,0
data/IMG/359.jpg,36630,0
data/IMG/360.jpg,36660,0
data/IMG/361.jpg,36705,0
data/IMG/362.jpg,36735,0
data/IMG/363.jpg,36780,0
data/IMG/364.jpg,36810,0
data/IMG/365.jpg,36855,0
data/IMG/366.jpg,36885,0
data/IMG/367.jpg,36930,0
data/IMG/368.jpg,36975,0
data/IMG/369.jpg,37005,0
data/IMG/370.jpg,37050,0
data/IMG/371.jpg,37080,0
data/IMG/372.jpg,37125,0
data/IMG/373.jpg,37155,0
data/IMG/374.jpg,37200,0
data/IMG/375.jpg,37230,0
data/IMG/376.jpg,37275,0
data/IMG/377.jpg,37320,0
data/IMG/378.jpg,37350,0
data/IMG/379.jpg,37395,0
data/IMG/380.jpg,37425,0
data/IMG/381.jpg,37470,0
data/IMG/382.jpg,37500,0
data/IMG/383.jpg,37545,0
data/IMG/384.jpg,37590,0
data/IMG/385.jpg,37620,0
data/IMG/386.jpg,37665,0
data/IMG/387.jpg,37695,0
data/IMG/388.jpg,37725,0
data/IMG/389.jpg,37785,0
data/IMG/390.jpg,37815,0
data/IMG/391.jpg,37860,0
data/IMG/392.jpg,37890,0
data/IMG/393.jpg,37935,0
data/IMG/394.jpg,37965,0
data/IMG/395.jpg,38010,0
data/IMG/396.jpg,38055,0
data/IMG/397.jpg,38085,0
data/IMG/398.jpg,38130,0
data/IMG/399.jpg,38175,0
data/IMG/400.jpg,38205,0
data/IMG/401.jpg,38250,0
data/IMG/402.jpg,38280,0
data/IMG/403.jpg,38325,0
data/IMG/404.jpg,38355,0
data/IMG/405.jpg,38400,0
data/IMG/406.jpg,38430,0
data/IMG/407.jpg,38475,0
data/IMG/408.jpg,38505,0
data/IMG/409.jpg,38535,0
data/IMG/410.jpg,38580,0
data/IMG/411.jpg,38610,0
data/IMG/412.jpg,38655,0
data/IMG/413.jpg,38685,0
data/IMG/414.jpg,38730,0
data/IMG/415.jpg,38760,0
data/IMG/416.jpg,38805,0
data/IMG/417.jpg,38850,0
data/IMG/418.jpg,38880,0
data/IMG/419.jpg,38925,0
data/IMG/420.jpg,38970,0
data/IMG/421.jpg,39000,0
data/IMG/422.jpg,39045,0
data/IMG/423.jpg,39090,0
data/IMG/424.jpg,39120,0
data/IMG/425.jpg,39165,0
data/IMG/426.jpg,39195,0
data/IMG/427.jpg,39240,0
data/IMG/428.jpg,39285,0
data/IMG/429.jpg,39315,0
data/IMG/430.jpg,39360,0
data/IMG/431.jpg,39390,0
data/IMG/432.jpg,39435,0
data/IMG/433.jpg,39465,0
data/IMG/434.jpg,39510,0
data/IMG/435.jpg,39540,0
data/IMG/436.jpg,39585,0
data/IMG/437.jpg,39615,0
data/IMG/438.jpg,39660,0
data/IMG/439.jpg,39690,0
data/IMG/440.jpg,39735,0
data/IMG/441.jpg,39765,0
data/IMG/442.jpg,39810,0
data/IMG/443.jpg,39855,0
data/IMG/444.jpg,39885,0
data/IMG/445.jpg,39930,0
data/IMG/446.jpg,39960,0
data/IMG/447.jpg,40005,0
data/IMG/448.jpg,40035,0
data/IMG/449.jpg,40080,0
data/IMG/450.jpg,40110,0
data/IMG/451.jpg,40155,0
data/IMG/452.jpg,40200,0
data/IMG/453.jpg,40230,0
data/IMG/454.jpg,40275,0
data/IMG/455.jpg,40305,0
data/IMG/456.jpg,40335,0
data/IMG/457.jpg,40380,0
data/IMG/458.jpg,40410,0
data/IMG/459.jpg,40455,0
data/IMG/460.jpg,40485,0
data/IMG/461.jpg,40515,0
data/IMG/462.jpg,40560,0
data/IMG/463.jpg,40605,0
data/IMG/464.jpg,40635,0
data/IMG/465.jpg,40665,0
data/IMG/466.jpg,40710,0
data/IMG/467.jpg,40740,0
data/IMG/468.jpg,40785,0
data/IMG/469.jpg,40815,0
data/IMG/470.jpg,40860,0
data/IMG/471.jpg,40890,0
data/IMG/472.jpg,40920,0
data/IMG/473.jpg,40965,0
data/IMG/474.jpg,40995,0
data/IMG/475.jpg,41025,0
data/IMG/476.jpg,41070,0
data/IMG/477.jpg,41100,0
data/IMG/478.jpg,41145,0
data/IMG/479.jpg,41175,0
data/IMG/480.jpg,41205,0
data/IMG/481.jpg,41250,0
data/IMG/482.jpg,41295,0
data/IMG/483.jpg,41325,0
data/IMG/484.jpg,41370,0
data/IMG/485.jpg,41400,0
data/IMG/486.jpg,41445,0
data/IMG/487.jpg,41475,0
data/IMG/488.jpg,41520,0
data/IMG/489.jpg,41550,0
data/IMG/490.jpg,41595,0
data/IMG/491.jpg,41625,0
data/IMG/492.jpg,41670,0
data/IMG/493.jpg,41715,0
data/IMG/494.jpg,41745,0
data/IMG/495.jpg,41775,0
data/IMG/496.jpg,41820,0
data/IMG/497.jpg,41850,0
data/IMG/498.jpg,41895,0
data/IMG/499.jpg,41925,0
data/IMG/500.jpg,41970,0
data/IMG/501.jpg,42015,0
data/IMG/502.jpg,42045,0
data/IMG/503.jpg,42090,0
data/IMG/504.jpg,42120,0
data/IMG/505.jpg,42165,0
data/IMG/506.jpg,42195,0
data/IMG/507.jpg,42240,0
data/IMG/508.jpg,42270,0
data/IMG/509.jpg,42315,0
data/IMG/510.jpg,42345,0
data/IMG/511.jpg,42390,0
data/IMG/512.jpg,42420,0
data/IMG/513.jpg,42465,0
data/IMG/514.jpg,42495,0
data/IMG/515.jpg,42540,0
data/IMG/516.jpg,42570,0
data/IMG/517.jpg,42600,0
data/IMG/518.jpg,42645,0
data/IMG/519.jpg,42675,0
data/IMG/520.jpg,42720,0
data/IMG/521.jpg,42750,0
data/IMG/522.jpg,42795,0
data/IMG/523.jpg,42825,0
data/IMG/524.jpg,42870,0
data/IMG/525.jpg,42900,0
data/IMG/526.jpg,42945,0
data/IMG/527.jpg,42990,0
data/IMG/528.jpg,43020,0
data/IMG/529.jpg,43065,0
data/IMG/530.jpg,43095,0
data/IMG/531.jpg,43140,0
data/IMG/532.jpg,43185,0
data/IMG/533.jpg,43230,0
data/IMG/534.jpg,43260,0
data/IMG/535.jpg,43305,0
data/IMG/536.jpg,43335,0
data/IMG/537.jpg,43380,0
data/IMG/538.jpg,43410,0
data/IMG/539.jpg,43455,0
data/IMG/540.jpg,43485,0
data/IMG/541.jpg,43530,0
data/IMG/542.jpg,43560,0
data/IMG/543.jpg,43605,0
data/IMG/544.jpg,43635,0
data/IMG/545.jpg,43680,0
data/IMG/546.jpg,43710,0
data/IMG/547.jpg,43755,0
data/IMG/548.jpg,43800,0
data/IMG/549.jpg,43830,0
data/IMG/550.jpg,43875,0
data/IMG/551.jpg,43920,0
data/IMG/552.jpg,43950,0
data/IMG/553.jpg,43995,0
data/IMG/554.jpg,44040,0
data/IMG/555.jpg,44070,0
data/IMG/556.jpg,44115,0
data/IMG/557.jpg,44160,0
data/IMG/558.jpg,44190,0
data/IMG/559.jpg,44235,0
data/IMG/560.jpg,44265,0
data/IMG/561.jpg,44310,0
data/IMG/562.jpg,44340,0
data/IMG/563.jpg,44385,0
data/IMG/564.jpg,44415,0
data/IMG/565.jpg,44460,0
data/IMG/566.jpg,44490,0
data/IMG/567.jpg,44535,0
data/IMG/568.jpg,44565,0
data/IMG/569.jpg,44610,0
data/IMG/570.jpg,44640,0
data/IMG/571.jpg,44685,0
data/IMG/572.jpg,44715,0
data/IMG/573.jpg,44760,0
data/IMG/574.jpg,44790,0
data/IMG/575.jpg,44835,0
data/IMG/576.jpg,44865,0
data/IMG/577.jpg,44910,0
data/IMG/578.jpg,44940,0
data/IMG/579.jpg,44970,0
data/IMG/580.jpg,45000,0
data/IMG/581.jpg,45045,0
data/IMG/582.jpg,45075,0
data/IMG/583.jpg,45120,0
data/IMG/584.jpg,45150,0
data/IMG/585.jpg,45180,0
data/IMG/586.jpg,45225,0
data/IMG/587.jpg,45255,0
data/IMG/588.jpg,45300,0
data/IMG/589.jpg,45330,0
data/IMG/590.jpg,45375,0
data/IMG/591.jpg,45405,0
data/IMG/592.jpg,45435,0
data/IMG/593.jpg,45480,0
data/IMG/594.jpg,45510,0
data/IMG/595.jpg,45555,0
data/IMG/596.jpg,45585,0
data/IMG/597.jpg,45630,0
data/IMG/598.jpg,45660,0
data/IMG/599.jpg,45705,0
data/IMG/600.jpg,45735,0
data/IMG/601.jpg,45765,0
data/IMG/602.jpg,45810,0
data/IMG/603.jpg,45840,0
data/IMG/604.jpg,45885,0
data/IMG/605.jpg,45930,0
data/IMG/606.jpg,45960,0
data/IMG/607.jpg,46005,0
data/IMG/608.jpg,46035,0
data/IMG/609.jpg,46080,0
data/IMG/610.jpg,46110,0
data/IMG/611.jpg,46155,0
data/IMG/612.jpg,46185,0
data/IMG/613.jpg,46230,0
data/IMG/614.jpg,46260,0
data/IMG/615.jpg,46305,0
data/IMG/616.jpg,46350,0
data/IMG/617.jpg,46395,0
data/IMG/618.jpg,46425,0
data/IMG/619.jpg,46470,0
data/IMG/620.jpg,46500,0
data/IMG/621.jpg,46545,0
data/IMG/622.jpg,46575,0
data/IMG/623.jpg,46605,0
data/IMG/624.jpg,46650,0
data/IMG/625.jpg,46680,0
data/IMG/626.jpg,46710,0
data/IMG/627.jpg,46755,0
data/IMG/628.jpg,46785,0
data/IMG/629.jpg,46815,0
data/IMG/630.jpg,46860,0
data/IMG/631.jpg,46890,0
data/IMG/632.jpg,46920,0
data/IMG/633.jpg,46965,0
data/IMG/634.jpg,46995,0
data/IMG/635.jpg,47040,0
data/IMG/636.jpg,47070,0
data/IMG/637.jpg,47115,0
data/IMG/638.jpg,47145,0
data/IMG/639.jpg,47190,0
data/IMG/640.jpg,47220,0
data/IMG/641.jpg,47265,0
data/IMG/642.jpg,47295,0
data/IMG/643.jpg,47325,0
data/IMG/644.jpg,47370,0
data/IMG/645.jpg,47400,0
data/IMG/646.jpg,47445,0
data/IMG/647.jpg,47475,0
data/IMG/648.jpg,47520,0
data/IMG/649.jpg,47550,0
data/IMG/650.jpg,47595,0
data/IMG/651.jpg,47625,0
data/IMG/652.jpg,47670,0
data/IMG/653.jpg,47700,0
data/IMG/654.jpg,47745,0
data/IMG/655.jpg,47775,0
data/IMG/656.jpg,47820,0
data/IMG/657.jpg,47850,0
data/IMG/658.jpg,47895,0
data/IMG/659.jpg,47925,0
data/IMG/660.jpg,47970,0
data/IMG/661.jpg,48000,0
data/IMG/662.jpg,48045,0
data/IMG/663.jpg,48075,0
data/IMG/664.jpg,48120,0
data/IMG/665.jpg,48150,0
data/IMG/666.jpg,48195,0
data/IMG/667.jpg,48225,0
data/IMG/668.jpg,48270,0
data/IMG/669.jpg,48300,0
data/IMG/670.jpg,48345,0
data/IMG/671.jpg,48375,0
data/IMG/672.jpg,48420,0
data/IMG/673.jpg,48465,0
data/IMG/674.jpg,48495,0
data/IMG/675.jpg,48540,0
data/IMG/676.jpg,48570,0
data/IMG/677.jpg,48615,0
data/IMG/678.jpg,48660,0
data/IMG/679.jpg,48690,0
data/IMG/680.jpg,48735,0
data/IMG/681.jpg,48780,0
data/IMG/682.jpg,48810,0
data/IMG/683.jpg,48855,0
data/IMG/684.jpg,48885,0
data/IMG/685.jpg,48930,0
data/IMG/686.jpg,48960,0
data/IMG/687.jpg,49005,0
data/IMG/688.jpg,49050,0
data/IMG/689.jpg,49080,0
data/IMG/690.jpg,49125,0
data/IMG/691.jpg,49155,0
data/IMG/692.jpg,49200,0
data/IMG/693.jpg,49230,0
data/IMG/694.jpg,49275,0
data/IMG/695.jpg,49305,0
data/IMG/696.jpg,49350,0
data/IMG/697.jpg,49380,0
data/IMG/698.jpg,49425,0
data/IMG/699.jpg,49455,0
data/IMG/700.jpg,49500,0
data/IMG/701.jpg,49530,0
data/IMG/702.jpg,49575,0
data/IMG/703.jpg,49605,0
data/IMG/704.jpg,49650,0
data/IMG/705.jpg,49680,0
data/IMG/706.jpg,49710,0
data/IMG/707.jpg,49755,0
data/IMG/708.jpg,49785,0
data/IMG/709.jpg,49830,0
data/IMG/710.jpg,49860,0
data/IMG/711.jpg,49905,0
data/IMG/712.jpg,49935,0
data/IMG/713.jpg,49980,0
data/IMG/714.jpg,50010,0
data/IMG/715.jpg,50055,0
data/IMG/716.jpg,50100,0
data/IMG/717.jpg,50130,0
data/IMG/718.jpg,50175,0
data/IMG/719.jpg,50205,0
data/IMG/720.jpg,50250,0
data/IMG/721.jpg,50280,0
data/IMG/722.jpg,50325,0
data/IMG/723.jpg,50355,0
data/IMG/724.jpg,50400,0
data/IMG/725.jpg,50430,0
data/IMG/726.jpg,50475,0
data/IMG/727.jpg,50505,0
data/IMG/728.jpg,50550,0
data/IMG/729.jpg,50580,0
data/IMG/730.jpg,50625,0
data/IMG/731.jpg,50655,0
data/IMG/732.jpg,50700,0
data/IMG/733.jpg,50730,0
data/IMG/734.jpg,50760,0
data/IMG/735.jpg,50805,0
data/IMG/736.jpg,50835,0
data/IMG/737.jpg,50865,0
data/IMG/738.jpg,50895,0
data/IMG/739.jpg,50940,0
data/IMG/740.jpg,50970,0
data/IMG/741.jpg,51000,0
data/IMG/742.jpg,51045,0
data/IMG/743.jpg,51075,0
data/IMG/744.jpg,51105,0
data/IMG/745.jpg,51150,0
data/IMG/746.jpg,51180,0
data/IMG/747.jpg,51225,0
data/IMG/748.jpg,51255,0
data/IMG/749.jpg,51300,0
data/IMG/750.jpg,51330,0
data/IMG/751.jpg,51375,0
data/IMG/752.jpg,51405,0
data/IMG/753.jpg,51450,0
data/IMG/754.jpg,51480,0
data/IMG/755.jpg,51525,0
data/IMG/756.jpg,51555,0
data/IMG/757.jpg,51600,0
data/IMG/758.jpg,51630,0
data/IMG/759.jpg,51675,0
data/IMG/760.jpg,51705,0
data/IMG/761.jpg,51750,0
data/IMG/762.jpg,51780,0
data/IMG/763.jpg,51825,0
data/IMG/764.jpg,51870,0
data/IMG/765.jpg,51915,0
data/IMG/766.jpg,51945,0
data/IMG/767.jpg,51990,0
data/IMG/768.jpg,52020,0
data/IMG/769.jpg,52065,0
data/IMG/770.jpg,52095,0
data/IMG/771.jpg,52140,0
data/IMG/772.jpg,52170,0
data/IMG/773.jpg,52215,0
data/IMG/774.jpg,52245,0
data/IMG/775.jpg,52290,0
data/IMG/776.jpg,52335,0
data/IMG/777.jpg,52365,0
data/IMG/778.jpg,52410,0
data/IMG/779.jpg,52440,0
data/IMG/780.jpg,52485,0
data/IMG/781.jpg,52530,0
data/IMG/782.jpg,52560,0
data/IMG/783.jpg,52605,0
data/IMG/784.jpg,52635,0
data/IMG/785.jpg,52680,0
data/IMG/786.jpg,52710,0
data/IMG/787.jpg,52740,0
data/IMG/788.jpg,52785,0
data/IMG/789.jpg,52830,0
data/IMG/790.jpg,52860,0
data/IMG/791.jpg,52905,0
data/IMG/792.jpg,52935,0
data/IMG/793.jpg,52980,0
data/IMG/794.jpg,53010,0
data/IMG/795.jpg,53055,0
data/IMG/796.jpg,53085,0
data/IMG/797.jpg,53130,0
data/IMG/798.jpg,53175,0
data/IMG/799.jpg,53205,0
data/IMG/800.jpg,53250,0
data/IMG/801.jpg,53295,0
data/IMG/802.jpg,53325,0
data/IMG/803.jpg,53370,0
data/IMG/804.jpg,53400,0
data/IMG/805.jpg,53445,0
data/IMG/806.jpg,53475,0
data/IMG/807.jpg,53520,0
data/IMG/808.jpg,53550,0
data/IMG/809.jpg,53595,0
data/IMG/810.jpg,53625,0
data/IMG/811.jpg,53670,0
data/IMG/812.jpg,53700,0
data/IMG/813.jpg,53745,0
data/IMG/814.jpg,53775,0
data/IMG/815.jpg,53820,0
data/IMG/816.jpg,53850,0
data/IMG/817.jpg,53880,0
data/IMG/818.jpg,53925,0
data/IMG/819.jpg,53955,0
data/IMG/820.jpg,54000,0
data/IMG/821.jpg,54030,0
data/IMG/822.jpg,54075,0
data/IMG/823.jpg,54105,0
data/IMG/824.jpg,54135,0
data/IMG/825.jpg,54180,0
data/IMG/826.jpg,54210,0
data/IMG/827.jpg,54255,0
data/IMG/828.jpg,54285,0
data/IMG/829.jpg,54330,0
data/IMG/830.jpg,54360,0
data/IMG/831.jpg,54405,0
data/IMG/832.jpg,54435,0
data/IMG/833.jpg,54480,0
data/IMG/834.jpg,54510,0
data/IMG/835.jpg,54540,0
data/IMG/836.jpg,54570,0
data/IMG/837.jpg,54615,0
data/IMG/838.jpg,54645,0
data/IMG/839.jpg,54675,0
data/IMG/840.jpg,54720,0
data/IMG/841.jpg,54750,0
data/IMG/842.jpg,54795,0
data/IMG/843.jpg,54825,0
data/IMG/844.jpg,54870,0
data/IMG/845.jpg,54900,0
data/IMG/846.jpg,54945,0
data/IMG/847.jpg,54975,0
data/IMG/848.jpg,55020,0
data/IMG/849.jpg,55050,0
data/IMG/850.jpg,55095,0
data/IMG/851.jpg,55125,0
data/IMG/852.jpg,55170,0
data/IMG/853.jpg,55200,0
data/IMG/854.jpg,55245,0
data/IMG/855.jpg,55275,0
data/IMG/856.jpg,55320,0
data/IMG/857.jpg,55350,0
data/IMG/858.jpg,55395,0
data/IMG/859.jpg,55425,0
data/IMG/860.jpg,55470,0
data/IMG/861.jpg,55500,0
data/IMG/862.jpg,55545,0
data/IMG/863.jpg,55590,0
data/IMG/864.jpg,55620,0
data/IMG/865.jpg,55665,0
data/IMG/866.jpg,55695,0
data/IMG/867.jpg,55740,0
data/IMG/868.jpg,55770,0
data/IMG/869.jpg,55800,0
data/IMG/870.jpg,55845,0
data/IMG/871.jpg,55875,0
data/IMG/872.jpg,55920,0
data/IMG/873.jpg,55950,0
data/IMG/874.jpg,55995,0
data/IMG/875.jpg,56040,0
data/IMG/876.jpg,56070,0
data/IMG/877.jpg,56115,0
data/IMG/878.jpg,56145,0
data/IMG/879.jpg,56190,0
data/IMG/880.jpg,56220,0
data/IMG/881.jpg,56250,0
data/IMG/882.jpg,56295,0
data/IMG/883.jpg,56325,0
data/IMG/884.jpg,56370,0
data/IMG/885.jpg,56400,0
data/IMG/886.jpg,56445,0
data/IMG/887.jpg,56475,0
data/IMG/888.jpg,56520,0
data/IMG/889.jpg,56550,0
data/IMG/890.jpg,56595,0
data/IMG/891.jpg,56625,0
data/IMG/892.jpg,56670,0
data/IMG/893.jpg,56700,0
data/IMG/894.jpg,56745,0
data/IMG/895.jpg,56775,0
data/IMG/896.jpg,56805,0
data/IMG/897.jpg,56835,0
data/IMG/898.jpg,56880,0
data/IMG/899.jpg,56910,0
data/IMG/900.jpg,56940,0
data/IMG/901.jpg,56985,0
data/IMG/902.jpg,57030,0
data/IMG/903.jpg,57060,0
data/IMG/904.jpg,57105,0
data/IMG/905.jpg,57135,0
data/IMG/906.jpg,57180,0
data/IMG/907.jpg,57210,0
data/IMG/908.jpg,57255,0
data/IMG/909.jpg,57285,0
data/IMG/910.jpg,57330,0
data/IMG/911.jpg,57375,0
data/IMG/912.jpg,57405,0
data/IMG/913.jpg,57450,0
data/IMG/914.jpg,57495,0
data/IMG/915.jpg,57525,0
data/IMG/916.jpg,57570,0
data/IMG/917.jpg,57600,0
data/IMG/918.jpg,57645,0
data/IMG/919.jpg,57690,0
data/IMG/920.jpg,57720,0
data/IMG/921.jpg,57765,0
data/IMG/922.jpg,57810,0
data/IMG/923.jpg,57840,0
data/IMG/924.jpg,57885,0
data/IMG/925.jpg,57915,0
data/IMG/926.jpg,57960,0
data/IMG/927.jpg,57990,0
data/IMG/928.jpg,58035,0
data/IMG/929.jpg,58065,0
data/IMG/930.jpg,58110,0
data/IMG/931.jpg,58140,0
data/IMG/932.jpg,58185,0
data/IMG/933.jpg,58230,0
data/IMG/934.jpg,58260,0
data/IMG/935.jpg,58305,0
data/IMG/936.jpg,58335,0
data/IMG/937.jpg,58380,0
data/IMG/938.jpg,58425,0
data/IMG/939.jpg,58455,0
data/IMG/940.jpg,58485,0
data/IMG/941.jpg,58530,0
data/IMG/942.jpg,58560,0
data/IMG/943.jpg,58605,0
data/IMG/944.jpg,58635,0
data/IMG/945.jpg,58665,0
data/IMG/946.jpg,58710,0
data/IMG/947.jpg,58740,0
data/IMG/948.jpg,58785,0
data/IMG/949.jpg,58815,0
data/IMG/950.jpg,58845,0
data/IMG/951.jpg,58890,0
data/IMG/952.jpg,58920,0
data/IMG/953.jpg,58965,0
data/IMG/954.jpg,58995,0
data/IMG/955.jpg,59040,0
data/IMG/956.jpg,59070,0
data/IMG/957.jpg,59100,0
data/IMG/958.jpg,59145,0
data/IMG/959.jpg,59175,0
data/IMG/960.jpg,59220,0
data/IMG/961.jpg,59250,0
data/IMG/962.jpg,59280,0
data/IMG/963.jpg,59310,0
data/IMG/964.jpg,59355,0
data/IMG/965.jpg,59385,0
data/IMG/966.jpg,59430,0
data/IMG/967.jpg,59460,0
data/IMG/968.jpg,59505,0
data/IMG/969.jpg,59535,0
data/IMG/970.jpg,59580,0
data/IMG/971.jpg,59625,0
data/IMG/972.jpg,59655,0
data/IMG/973.jpg,59700,0
data/IMG/974.jpg,59730,0
data/IMG/975.jpg,59775,0
data/IMG/976.jpg,59805,0
data/IMG/977.jpg,59850,0
data/IMG/978.jpg,59880,0
data/IMG/979.jpg,59925,0
data/IMG/980.jpg,59955,0
data/IMG/981.jpg,60000,0
data/IMG/982.jpg,60030,0
data/IMG/983.jpg,60075,0
data/IMG/984.jpg,60105,0
data/IMG/985.jpg,60150,0
data/IMG/986.jpg,60195,0
data/IMG/987.jpg,60225,0
data/IMG/988.jpg,60270,0
data/IMG/989.jpg,60300,0
data/IMG/990.jpg,60345,0
data/IMG/991.jpg,60375,0
data/IMG/992.jpg,60420,0
data/IMG/993.jpg,60450,0
data/IMG/994.jpg,60495,0
data/IMG/995.jpg,60540,0
data/IMG/996.jpg,60570,0
data/IMG/997.jpg,60615,0
data/IMG/998.jpg,60645,0
data/IMG/999.jpg,60690,0
data/IMG/1000.jpg,60720,0
data/IMG/1001.jpg,60765,0
data/IMG/1002.jpg,60795,0
data/IMG/1003.jpg,60840,0
data/IMG/1004.jpg,60870,0
data/IMG/1005.jpg,60915,0
data/IMG/1006.jpg,60945,0
data/IMG/1007.jpg,60990,0
data/IMG/1008.jpg,61020,0
data/IMG/1009.jpg,61065,0
data/IMG/1010.jpg,61095,0
data/IMG/1011.jpg,61140,0
data/IMG/1012.jpg,61170,0
data/IMG/1013.jpg,61215,0
data/IMG/1014.jpg,61245,0
data/IMG/1015.jpg,61290,0
data/IMG/1016.jpg,61320,0
data/IMG/1017.jpg,61365,0
data/IMG/1018.jpg,61395,0
data/IMG/1019.jpg,61440,0
data/IMG/1020.jpg,61470,0
data/IMG/1021.jpg,61515,0
data/IMG/1022.jpg,61560,0
data/IMG/1023.jpg,61590,0
data/IMG/1024.jpg,61620,0
data/IMG/1025.jpg,61665,0
data/IMG/1026.jpg,61695,0
data/IMG/1027.jpg,61725,0
data/IMG/1028.jpg,61770,0
data/IMG/1029.jpg,61800,0
data/IMG/1030.jpg,61845,0
data/IMG/1031.jpg,61875,0
data/IMG/1032.jpg,61920,0
data/IMG/1033.jpg,61950,0
data/IMG/1034.jpg,61980,0
data/IMG/1035.jpg,62025,0
data/IMG/1036.jpg,62070,0
data/IMG/1037.jpg,62100,0
data/IMG/1038.jpg,62130,0
data/IMG/1039.jpg,62175,0
data/IMG/1040.jpg,62205,0
data/IMG/1041.jpg,62250,0
data/IMG/1042.jpg,62280,0
data/IMG/1043.jpg,62325,0
data/IMG/1044.jpg,62355,0
data/IMG/1045.jpg,62400,0
data/IMG/1046.jpg,62430,0
data/IMG/1047.jpg,62475,0
data/IMG/1048.jpg,62520,0
data/IMG/1049.jpg,62550,0
data/IMG/1050.jpg,62595,0
data/IMG/1051.jpg,62625,0
data/IMG/1052.jpg,62670,0
data/IMG/1053.jpg,62715,0
data/IMG/1054.jpg,62745,0
data/IMG/1055.jpg,62790,0
data/IMG/1056.jpg,62820,0
data/IMG/1057.jpg,62865,0
data/IMG/1058.jpg,62910,0
data/IMG/1059.jpg,62940,0
data/IMG/1060.jpg,62970,0
data/IMG/1061.jpg,63015,0
data/IMG/1062.jpg,63045,0
data/IMG/1063.jpg,63090,0
data/IMG/1064.jpg,63120,0
data/IMG/1065.jpg,63165,0
data/IMG/1066.jpg,63210,0
data/IMG/1067.jpg,63240,0
data/IMG/1068.jpg,63285,0
data/IMG/1069.jpg,63330,0
data/IMG/1070.jpg,63360,0
data/IMG/1071.jpg,63405,0
data/IMG/1072.jpg,63450,0
data/IMG/1073.jpg,63480,0
data/IMG/1074.jpg,63525,0
data/IMG/1075.jpg,63570,0
data/IMG/1076.jpg,63600,0
data/IMG/1077.jpg,63645,0
data/IMG/1078.jpg,63675,0
data/IMG/1079.jpg,63720,0
data/IMG/1080.jpg,63765,0
data/IMG/1081.jpg,63810,0
data/IMG/1082.jpg,63855,0
data/IMG/1083.jpg,63885,0
data/IMG/1084.jpg,63930,0
data/IMG/1085.jpg,63960,0
data/IMG/1086.jpg,64005,0
data/IMG/1087.jpg,64050,0
data/IMG/1088.jpg,64080,0
data/IMG/1089.jpg,64125,0
data/IMG/1090.jpg,64155,0
data/IMG/1091.jpg,64185,0
data/IMG/1092.jpg,64215,0
data/IMG/1093.jpg,64260,0
data/IMG/1094.jpg,64290,0
data/IMG/1095.jpg,64335,0
data/IMG/1096.jpg,64380,0
data/IMG/1097.jpg,64410,0
data/IMG/1098.jpg,64455,0
data/IMG/1099.jpg,64485,0
data/IMG/1100.jpg,64530,0
data/IMG/1101.jpg,64575,0
data/IMG/1102.jpg,64605,0
data/IMG/1103.jpg,64650,0
data/IMG/1104.jpg,64680,0
data/IMG/1105.jpg,64725,0
data/IMG/1106.jpg,64755,0
data/IMG/1107.jpg,64800,0
data/IMG/1108.jpg,64830,0
data/IMG/1109.jpg,64875,0
data/IMG/1110.jpg,64905,0
data/IMG/1111.jpg,64950,0
data/IMG/1112.jpg,64980,0
data/IMG/1113.jpg,65025,0
data/IMG/1114.jpg,65055,0
data/IMG/1115.jpg,65100,0
data/IMG/1116.jpg,65130,0
data/IMG/1117.jpg,65175,0
data/IMG/1118.jpg,65205,0
data/IMG/1119.jpg,65250,0
data/IMG/1120.jpg,65280,0
data/IMG/1121.jpg,65325,0
data/IMG/1122.jpg,65370,0
data/IMG/1123.jpg,65400,0
data/IMG/1124.jpg,65445,0
data/IMG/1125.jpg,65475,0
data/IMG/1126.jpg,65520,0
data/IMG/1127.jpg,65565,0
data/IMG/1128.jpg,65595,0
data/IMG/1129.jpg,65640,0
data/IMG/1130.jpg,65670,0
data/IMG/1131.jpg,65715,0
data/IMG/1132.jpg,65745,0
data/IMG/1133.jpg,65790,0
data/IMG/1134.jpg,65835,0
data/IMG/1135.jpg,65865,0
data/IMG/1136.jpg,65910,0
data/IMG/1137.jpg,65955,0
data/IMG/1138.jpg,65985,0
data/IMG/1139.jpg,66030,0
data/IMG/1140.jpg,66075,0
data/IMG/1141.jpg,66120,0
data/IMG/1142.jpg,66150,0
data/IMG/1143.jpg,66195,0
data/IMG/1144.jpg,66240,0
data/IMG/1145.jpg,66270,0
data/IMG/1146.jpg,66315,0
data/IMG/1147.jpg,66360,0
data/IMG/1148.jpg,66390,0
data/IMG/1149.jpg,66435,0
data/IMG/1150.jpg,66465,0
data/IMG/1151.jpg,66510,0
data/IMG/1152.jpg,66540,0
data/IMG/1153.jpg,66585,0
data/IMG/1154.jpg,66615,0
data/IMG/1155.jpg,66645,0
data/IMG/1156.jpg,66690,0
data/IMG/1157.jpg,66720,0
data/IMG/1158.jpg,66765,0
data/IMG/1159.jpg,66810,0
data/IMG/1160.jpg,66840,0
data/IMG/1161.jpg,66885,0
data/IMG/1162.jpg,66930,0
data/IMG/1163.jpg,66975,0
data/IMG/1164.jpg,67020,0
data/IMG/1165.jpg,67065,0
data/IMG/1166.jpg,67095,0
data/IMG/1167.jpg,67140,0
data/IMG/1168.jpg,67185,0
data/IMG/1169.jpg,67230,0
data/IMG/1170.jpg,67275,0
data/IMG/1171.jpg,67305,0
data/IMG/1172.jpg,67350,0
data/IMG/1173.jpg,67380,0
data/IMG/1174.jpg,67425,0
data/IMG/1175.jpg,67470,0
data/IMG/1176.jpg,67515,0
data/IMG/1177.jpg,67560,0
data/IMG/1178.jpg,67605,0
data/IMG/1179.jpg,67650,0
data/IMG/1180.jpg,67680,0
data/IMG/1181.jpg,67725,0
data/IMG/1182.jpg,67770,0
data/IMG/1183.jpg,67800,0
data/IMG/1184.jpg,67845,0
data/IMG/1185.jpg,67890,0
data/IMG/1186.jpg,67935,0
data/IMG/1187.jpg,67980,0
data/IMG/1188.jpg,68010,0
data/IMG/1189.jpg,68055,0
data/IMG/1190.jpg,68100,0
data/IMG/1191.jpg,68130,0
data/IMG/1192.jpg,68175,0
data/IMG/1193.jpg,68220,0
data/IMG/1194.jpg,68250,0
data/IMG/1195.jpg,68295,0
data/IMG/1196.jpg,68340,0
data/IMG/1197.jpg,68385,0
data/IMG/1198.jpg,68430,0
data/IMG/1199.jpg,68475,0
data/IMG/1200.jpg,68520,0
data/IMG/1201.jpg,68550,0
data/IMG/1202.jpg,68595,0
data/IMG/1203.jpg,68640,0
data/IMG/1204.jpg,68685,0
data/IMG/1205.jpg,68730,0
data/IMG/1206.jpg,68760,0
data/IMG/1207.jpg,68805,0
data/IMG/1208.jpg,68850,0
data/IMG/1209.jpg,68895,0
data/IMG/1210.jpg,68940,0
data/IMG/1211.jpg,68985,0
data/IMG/1212.jpg,69015,0
data/IMG/1213.jpg,69060,0
data/IMG/1214.jpg,69105,0
data/IMG/1215.jpg,69150,0
data/IMG/1216.jpg,69195,0
data/IMG/1217.jpg,69240,0
data/IMG/1218.jpg,69270,0
data/IMG/1219.jpg,69315,0
data/IMG/1220.jpg,69360,0
data/IMG/1221.jpg,69405,0
data/IMG/1222.jpg,69450,0
data/IMG/1223.jpg,69495,0
data/IMG/1224.jpg,69540,0
data/IMG/1225.jpg,69585,0
data/IMG/1226.jpg,69630,0
data/IMG/1227.jpg,69675,0
data/IMG/1228.jpg,69720,0
data/IMG/1229.jpg,69765,0
data/IMG/1230.jpg,69810,0
data/IMG/1231.jpg,69840,0
data/IMG/1232.jpg,69885,0
data/IMG/1233.jpg,69930,0
data/IMG/1234.jpg,69975,0
data/IMG/1235.jpg,70005,0
data/IMG/1236.jpg,70050,0
data/IMG/1237.jpg,70095,0
data/IMG/1238.jpg,70140,0
data/IMG/1239.jpg,70185,0
data/IMG/1240.jpg,70230,0
data/IMG/1241.jpg,70260,0
data/IMG/1242.jpg,70305,0
data/IMG/1243.jpg,70350,0
data/IMG/1244.jpg,70380,0
data/IMG/1245.jpg,70425,0
data/IMG/1246.jpg,70470,0
data/IMG/1247.jpg,70515,0
data/IMG/1248.jpg,70545,0
data/IMG/1249.jpg,70590,0
data/IMG/1250.jpg,70635,0
data/IMG/1251.jpg,70680,0
data/IMG/1252.jpg,70710,0
data/IMG/1253.jpg,70755,0
data/IMG/1254.jpg,70800,0
data/IMG/1255.jpg,70830,0
data/IMG/1256.jpg,70875,0
data/IMG/1257.jpg,70920,0
data/IMG/1258.jpg,70965,0
data/IMG/1259.jpg,71010,0
data/IMG/1260.jpg,71040,0
data/IMG/1261.jpg,71085,0
data/IMG/1262.jpg,71130,0
data/IMG/1263.jpg,71175,0
data/IMG/1264.jpg,71220,0
data/IMG/1265.jpg,71250,0
data/IMG/1266.jpg,71295,0
data/IMG/1267.jpg,71340,0
data/IMG/1268.jpg,71370,0
data/IMG/1269.jpg,71415,0
data/IMG/1270.jpg,71460,0
data/IMG/1271.jpg,71505,0
data/IMG/1272.jpg,71550,0
data/IMG/1273.jpg,71595,0
data/IMG/1274.jpg,71640,0
data/IMG/1275.jpg,71670,0
data/IMG/1276.jpg,71715,0
data/IMG/1277.jpg,71760,0
data/IMG/1278.jpg,71805,0
data/IMG/1279.jpg,71850,0
data/IMG/1280.jpg,71895,0
data/IMG/1281.jpg,71940,0
data/IMG/1282.jpg,71970,0
data/IMG/1283.jpg,72015,0
data/IMG/1284.jpg,72060,0
data/IMG/1285.jpg,72090,0
data/IMG/1286.jpg,72135,0
data/IMG/1287.jpg,72180,0
data/IMG/1288.jpg,72225,0
data/IMG/1289.jpg,72270,0
data/IMG/1290.jpg,72315,0
data/IMG/1291.jpg,72360,0
data/IMG/1292.jpg,72405,0
data/IMG/1293.jpg,72435,0
data/IMG/1294.jpg,72480,0
data/IMG/1295.jpg,72525,0
data/IMG/1296.jpg,72570,0
data/IMG/1297.jpg,72615,0
data/IMG/1298.jpg,72660,0
data/IMG/1299.jpg,72705,0
data/IMG/1300.jpg,72750,0
data/IMG/1301.jpg,72795,0
data/IMG/1302.jpg,72840,0
data/IMG/1303.jpg,72885,0
data/IMG/1304.jpg,72915,0
data/IMG/1305.jpg,72960,0
data/IMG/1306.jpg,73005,0
data/IMG/1307.jpg,73050,0
data/IMG/1308.jpg,73095,0
data/IMG/1309.jpg,73140,0
data/IMG/1310.jpg,73185,0
data/IMG/1311.jpg,73230,0
data/IMG/1312.jpg,73275,0
data/IMG/1313.jpg,73305,0
data/IMG/1314.jpg,73350,0
data/IMG/1315.jpg,73395,0
data/IMG/1316.jpg,73440,0
data/IMG/1317.jpg,73485,0
data/IMG/1318.jpg,73530,0
data/IMG/1319.jpg,73575,0
data/IMG/1320.jpg,73605,0
data/IMG/1321.jpg,73650,0
data/IMG/1322.jpg,73695,0
data/IMG/1323.jpg,73740,0
data/IMG/1324.jpg,73785,0
data/IMG/1325.jpg,73830,0
data/IMG/1326.jpg,73860,0
data/IMG/1327.jpg,73905,0
data/IMG/1328.jpg,73950,0
data/IMG/1329.jpg,73995,0
data/IMG/1330.jpg,74040,0
data/IMG/1331.jpg,74085,0
data/IMG/1332.jpg,74130,0
data/IMG/1333.jpg,74175,0
data/IMG/1334.jpg,74205,0
data/IMG/1335.jpg,74250,0
data/IMG/1336.jpg,74295,0
data/IMG/1337.jpg,74340,0
data/IMG/1338.jpg,74385,0
data/IMG/1339.jpg,74430,0
data/IMG/1340.jpg,74475,0
data/IMG/1341.jpg,74520,0
data/IMG/1342.jpg,74550,0
data/IMG/1343.jpg,74595,0
data/IMG/1344.jpg,74640,0
data/IMG/1345.jpg,74685,0
data/IMG/1346.jpg,74730,0
data/IMG/1347.jpg,74775,0
data/IMG/1348.jpg,74820,0
data/IMG/1349.jpg,74865,0
data/IMG/1350.jpg,74910,0
data/IMG/1351.jpg,74970,0
data/IMG/1352.jpg,75015,0
data/IMG/1353.jpg,75060,0
data/IMG/1354.jpg,75105,0
data/IMG/1355.jpg,75150,0
data/IMG/1356.jpg,75195,0
data/IMG/1357.jpg,75240,0
data/IMG/1358.jpg,75285,0
data/IMG/1359.jpg,75330,0
data/IMG/1360.jpg,75375,0
data/IMG/1361.jpg,75420,0
data/IMG/1362.jpg,75465,0
data/IMG/1363.jpg,75510,0
data/IMG/1364.jpg,75555,0
data/IMG/1365.jpg,75615,0
data/IMG/1366.jpg,75660,0
data/IMG/1367.jpg,75705,0
data/IMG/1368.jpg,75765,0
data/IMG/1369.jpg,75810,0
data/IMG/1370.jpg,75855,0
data/IMG/1371.jpg,75900,0
data/IMG/1372.jpg,75945,0
data/IMG/1373.jpg,75990,0
data/IMG/1374.jpg,76035,0
data/IMG/1375.jpg,76080,0
data/IMG/1376.jpg,76125,0
data/IMG/1377.jpg,76170,0
data/IMG/1378.jpg,76215,0
data/IMG/1379.jpg,76260,0
data/IMG/1380.jpg,76305,0
data/IMG/1381.jpg,76350,0
data/IMG/1382.jpg,76380,0
data/IMG/1383.jpg,76440,0
data/IMG/1384.jpg,76485,0
data/IMG/1385.jpg,76530,0
data/IMG/1386.jpg,76575,0
data/IMG/1387.jpg,76620,0
data/IMG/1388.jpg,76665,0
data/IMG/1389.jpg,76725,0
data/IMG/1390.jpg,76755,0
data/IMG/1391.jpg,76800,0
data/IMG/1392.jpg,76845,0
data/IMG/1393.jpg,76890,0
data/IMG/1394.jpg,76935,0
data/IMG/1395.jpg,76980,0
data/IMG/1396.jpg,77025,0
data/IMG/1397.jpg,77070,0
data/IMG/1398.jpg,77115,0
data/IMG/1399.jpg,77160,0
data/IMG/1400.jpg,77205,0
data/IMG/1401.jpg,77250,0
data/IMG/1402.jpg,77295,0
data/IMG/1403.jpg,77325,0
data/IMG/1404.jpg,77385,0
data/IMG/1405.jpg,77430,0
data/IMG/1406.jpg,77475,0
data/IMG/1407.jpg,77520,0
data/IMG/1408.jpg,77550,0
data/IMG/1409.jpg,77595,0
data/IMG/1410.jpg,77640,0
data/IMG/1411.jpg,77685,0
data/IMG/1412.jpg,77730,0
data/IMG/1413.jpg,77775,0
data/IMG/1414.jpg,77820,0
data/IMG/1415.jpg,77865,0
data/IMG/1416.jpg,77910,0
data/IMG/1417.jpg,77955,0
data/IMG/1418.jpg,78000,0
data/IMG/1419.jpg,78045,0
data/IMG/1420.jpg,78090,0
data/IMG/1421.jpg,78135,0
data/IMG/1422.jpg,78180,0
data/IMG/1423.jpg,78225,0
data/IMG/1424.jpg,78270,0
data/IMG/1425.jpg,78315,0
data/IMG/1426.jpg,78360,0
data/IMG/1427.jpg,78405,0
data/IMG/1428.jpg,78450,0
data/IMG/1429.jpg,78495,0
data/IMG/1430.jpg,78540,0
data/IMG/1431.jpg,78585,0
data/IMG/1432.jpg,78630,0
data/IMG/1433.jpg,78675,0
data/IMG/1434.jpg,78720,0
data/IMG/1435.jpg,78765,0
data/IMG/1436.jpg,78810,0
data/IMG/1437.jpg,78855,0
data/IMG/1438.jpg,78900,0
data/IMG/1439.jpg,78945,0
data/IMG/1440.jpg,78990,0
data/IMG/1441.jpg,79035,0
data/IMG/1442.jpg,79080,0
data/IMG/1443.jpg,79125,0
data/IMG/1444.jpg,79170,0
data/IMG/1445.jpg,79215,0
data/IMG/1446.jpg,79260,0
data/IMG/1447.jpg,79305,0
data/IMG/1448.jpg,79350,0
data/IMG/1449.jpg,79395,0
data/IMG/1450.jpg,79440,0
data/IMG/1451.jpg,79485,0
data/IMG/1452.jpg,79530,0
data/IMG/1453.jpg,79575,0
data/IMG/1454.jpg,79635,0
data/IMG/1455.jpg,79680,0
data/IMG/1456.jpg,79725,0
data/IMG/1457.jpg,79770,0
data/IMG/1458.jpg,79815,0
data/IMG/1459.jpg,79860,0
data/IMG/1460.jpg,79905,0
data/IMG/1461.jpg,79965,0
data/IMG/1462.jpg,80010,0
data/IMG/1463.jpg,80055,0
data/IMG/1464.jpg,80100,0
data/IMG/1465.jpg,80145,0
data/IMG/1466.jpg,80190,0
data/IMG/1467.jpg,80235,0
data/IMG/1468.jpg,80280,0
data/IMG/1469.jpg,80325,0
data/IMG/1470.jpg,80370,0
data/IMG/1471.jpg,80415,0
data/IMG/1472.jpg,80475,0
data/IMG/1473.jpg,80520,0
data/IMG/1474.jpg,80565,0
data/IMG/1475.jpg,80610,0
data/IMG/1476.jpg,80655,0
data/IMG/1477.jpg,80700,0
data/IMG/1478.jpg,80790,0
data/IMG/1479.jpg,80835,0
data/IMG/1480.jpg,80895,0
data/IMG/1481.jpg,80940,0
data/IMG/1482.jpg,80985,0
data/IMG/1483.jpg,81030,0
data/IMG/1484.jpg,81075,0
data/IMG/1485.jpg,81135,0
data/IMG/1486.jpg,81180,0
data/IMG/1487.jpg,81225,0
data/IMG/1488.jpg,81270,0
data/IMG/1489.jpg,81315,0
data/IMG/1490.jpg,81360,0
data/IMG/1491.jpg,81405,0
data/IMG/1492.jpg,81450,0
data/IMG/1493.jpg,81495,0
data/IMG/1494.jpg,81540,0
data/IMG/1495.jpg,81585,0
data/IMG/1496.jpg,81630,0
data/IMG/1497.jpg,81690,0
data/IMG/1498.jpg,81735,0
data/IMG/1499.jpg,81780,0
data/IMG/1500.jpg,81825,0
data/IMG/1501.jpg,81870,0
data/IMG/1502.jpg,81915,0
data/IMG/1503.jpg,81960,0
data/IMG/1504.jpg,82005,0
data/IMG/1505.jpg,82065,0
data/IMG/1506.jpg,82110,0
data/IMG/1507.jpg,82155,0
data/IMG/1508.jpg,82200,0
data/IMG/1509.jpg,82260,0
data/IMG/1510.jpg,82305,0
data/IMG/1511.jpg,82350,0
data/IMG/1512.jpg,82395,0
data/IMG/1513.jpg,82455,0
data/IMG/1514.jpg,82500,0
data/IMG/1515.jpg,82545,0
data/IMG/1516.jpg,82590,0
data/IMG/1517.jpg,82635,0
data/IMG/1518.jpg,82695,0
data/IMG/1519.jpg,82740,0
data/IMG/1520.jpg,82785,0
data/IMG/1521.jpg,82830,0
data/IMG/1522.jpg,82875,0
data/IMG/1523.jpg,82920,0
data/IMG/1524.jpg,82965,0
data/IMG/1525.jpg,83025,0
data/IMG/1526.jpg,83070,0
data/IMG/1527.jpg,83115,0
data/IMG/1528.jpg,83160,0
data/IMG/1529.jpg,83205,0
data/IMG/1530.jpg,83250,0
data/IMG/1531.jpg,83295,0
data/IMG/1532.jpg,83340,0
data/IMG/1533.jpg,83385,0
data/IMG/1534.jpg,83430,0
data/IMG/1535.jpg,83490,0
data/IMG/1536.jpg,83535,0
data/IMG/1537.jpg,83580,0
data/IMG/1538.jpg,83625,0
data/IMG/1539.jpg,83670,0
data/IMG/1540.jpg,83715,0
data/IMG/1541.jpg,83760,0
data/IMG/1542.jpg,83820,0
data/IMG/1543.jpg,83865,0
data/IMG/1544.jpg,83910,0
data/IMG/1545.jpg,83955,0
data/IMG/1546.jpg,84000,0
data/IMG/1547.jpg,84045,0
data/IMG/1548.jpg,84090,0
data/IMG/1549.jpg,84150,0
data/IMG/1550.jpg,84195,0
data/IMG/1551.jpg,84240,0
data/IMG/1552.jpg,84285,0
data/IMG/1553.jpg,84330,0
data/IMG/1554.jpg,84375,0
data/IMG/1555.jpg,84420,0
data/IMG/1556.jpg,84465,0
data/IMG/1557.jpg,84525,0
data/IMG/1558.jpg,84570,0
data/IMG/1559.jpg,84615,0
data/IMG/1560.jpg,84660,0
data/IMG/1561.jpg,84705,0
data/IMG/1562.jpg,84750,0
data/IMG/1563.jpg,84810,0
data/IMG/1564.jpg,84855,0
data/IMG/1565.jpg,84900,0
data/IMG/1566.jpg,84945,0
data/IMG/1567.jpg,84990,0
data/IMG/1568.jpg,85035,0
data/IMG/1569.jpg,85095,0
data/IMG/1570.jpg,85140,0
data/IMG/1571.jpg,85185,0
data/IMG/1572.jpg,85230,0
data/IMG/1573.jpg,85275,0
data/IMG/1574.jpg,85320,0
data/IMG/1575.jpg,85365,0
data/IMG/1576.jpg,85410,0
data/IMG/1577.jpg,85455,0
data/IMG/1578.jpg,85500,0
data/IMG/1579.jpg,85545,0
data/IMG/1580.jpg,85590,0
data/IMG/1581.jpg,85635,0
data/IMG/1582.jpg,85695,0
data/IMG/1583.jpg,85740,0
data/IMG/1584.jpg,85785,0
data/IMG/1585.jpg,85830,0
data/IMG/1586.jpg,85890,0
data/IMG/1587.jpg,85935,0
data/IMG/1588.jpg,85980,0
data/IMG/1589.jpg,86025,0
data/IMG/1590.jpg,86085,0
data/IMG/1591.jpg,86130,0
data/IMG/1592.jpg,86175,0
data/IMG/1593.jpg,86220,0
data/IMG/1594.jpg,86280,0
data/IMG/1595.jpg,86325,0
data/IMG/1596.jpg,86370,0
data/IMG/1597.jpg,86415,0
data/IMG/1598.jpg,86460,0
data/IMG/1599.jpg,86520,0
data/IMG/1600.jpg,86565,0
data/IMG/1601.jpg,86610,0
data/IMG/1602.jpg,86655,0
data/IMG/1603.jpg,86700,0
data/IMG/1604.jpg,86745,0
data/IMG/1605.jpg,86805,0
data/IMG/1606.jpg,86850,0
data/IMG/1607.jpg,86895,0
data/IMG/1608.jpg,86940,0
data/IMG/1609.jpg,86985,0
data/IMG/1610.jpg,87045,0
data/IMG/1611.jpg,87090,0
data/IMG/1612.jpg,87150,0
data/IMG/1613.jpg,87195,0
data/IMG/1614.jpg,87240,0
data/IMG/1615.jpg,87285,0
data/IMG/1616.jpg,87330,0
data/IMG/1617.jpg,87375,0
data/IMG/1618.jpg,87435,0
data/IMG/1619.jpg,87480,0
data/IMG/1620.jpg,87525,0
data/IMG/1621.jpg,87570,0
data/IMG/1622.jpg,87615,0
data/IMG/1623.jpg,87675,0
data/IMG/1624.jpg,87705,0
data/IMG/1625.jpg,87750,0
data/IMG/1626.jpg,87795,0
data/IMG/1627.jpg,87855,0
data/IMG/1628.jpg,87900,0
data/IMG/1629.jpg,87945,0
data/IMG/1630.jpg,87990,0
data/IMG/1631.jpg,88035,0
data/IMG/1632.jpg,88080,0
data/IMG/1633.jpg,88125,0
data/IMG/1634.jpg,88170,0
data/IMG/1635.jpg,88215,0
data/IMG/1636.jpg,88260,0
data/IMG/1637.jpg,88305,0
data/IMG/1638.jpg,88350,0
data/IMG/1639.jpg,88395,0
data/IMG/1640.jpg,88440,0
data/IMG/1641.jpg,88485,0
data/IMG/1642.jpg,88530,0
data/IMG/1643.jpg,88575,0
data/IMG/1644.jpg,88620,0
data/IMG/1645.jpg,88665,0
data/IMG/1646.jpg,88710,0
data/IMG/1647.jpg,88770,0
data/IMG/1648.jpg,88815,0
data/IMG/1649.jpg,88860,0
data/IMG/1650.jpg,88905,0
data/IMG/1651.jpg,88965,0
data/IMG/1652.jpg,89010,0
data/IMG/1653.jpg,89055,0
data/IMG/1654.jpg,89100,0
data/IMG/1655.jpg,89145,0
data/IMG/1656.jpg,89190,0
data/IMG/1657.jpg,89250,0
data/IMG/1658.jpg,89295,0
data/IMG/1659.jpg,89340,0
data/IMG/1660.jpg,89385,0
data/IMG/1661.jpg,89430,0
data/IMG/1662.jpg,89490,0
data/IMG/1663.jpg,89535,0
data/IMG/1664.jpg,89580,0
data/IMG/1665.jpg,89625,0
data/IMG/1666.jpg,89670,0
data/IMG/1667.jpg,89715,0
data/IMG/1668.jpg,89760,0
data/IMG/1669.jpg,89820,0
data/IMG/1670.jpg,89865,0
data/IMG/1671.jpg,89910,0
data/IMG/1672.jpg,89955,0
data/IMG/1673.jpg,90000,0
data/IMG/1674.jpg,90060,0
data/IMG/1675.jpg,90105,0
data/IMG/1676.jpg,90150,0
data/IMG/1677.jpg,90195,0
data/IMG/1678.jpg,90255,0
data/IMG/1679.jpg,90300,0
data/IMG/1680.jpg,90345,0
data/IMG/1681.jpg,90390,0
data/IMG/1682.jpg,90435,0
data/IMG/1683.jpg,90480,0
data/IMG/1684.jpg,90525,0
data/IMG/1685.jpg,90570,0
data/IMG/1686.jpg,90615,0
data/IMG/1687.jpg,90660,0
data/IMG/1688.jpg,90720,0
data/IMG/1689.jpg,90765,0
data/IMG/1690.jpg,90810,0
data/IMG/1691.jpg,90855,0
data/IMG/1692.jpg,90900,0
data/IMG/1693.jpg,90945,0
data/IMG/1694.jpg,90990,0
data/IMG/1695.jpg,91035,0
data/IMG/1696.jpg,91080,0
data/IMG/1697.jpg,91125,0
data/IMG/1698.jpg,91170,0
data/IMG/1699.jpg,91215,0
data/IMG/1700.jpg,91245,0
data/IMG/1701.jpg,91290,0
data/IMG/1702.jpg,91335,0
data/IMG/1703.jpg,91380,0
data/IMG/1704.jpg,91425,0
data/IMG/1705.jpg,91470,0
data/IMG/1706.jpg,91515,0
data/IMG/1707.jpg,91560,0
data/IMG/1708.jpg,91605,0
data/IMG/1709.jpg,91650,0
data/IMG/1710.jpg,91695,0
data/IMG/1711.jpg,91740,0
data/IMG/1712.jpg,91770,0
data/IMG/1713.jpg,91815,0
data/IMG/1714.jpg,91860,0
data/IMG/1715.jpg,91905,0
data/IMG/1716.jpg,91950,0
data/IMG/1717.jpg,91995,0
data/IMG/1718.jpg,92040,0
data/IMG/1719.jpg,92085,0
data/IMG/1720.jpg,92130,0
data/IMG/1721.jpg,92190,0
data/IMG/1722.jpg,92235,0
data/IMG/1723.jpg,92280,0
data/IMG/1724.jpg,92325,0
data/IMG/1725.jpg,92370,0
data/IMG/1726.jpg,92415,0
data/IMG/1727.jpg,92460,0
data/IMG/1728.jpg,92505,0
data/IMG/1729.jpg,92550,0
data/IMG/1730.jpg,92595,0
data/IMG/1731.jpg,92640,0
data/IMG/1732.jpg,92685,0
data/IMG/1733.jpg,92730,0
data/IMG/1734.jpg,92775,0
data/IMG/1735.jpg,92820,0
data/IMG/1736.jpg,92865,0
data/IMG/1737.jpg,92910,0
data/IMG/1738.jpg,92955,0
data/IMG/1739.jpg,93000,0
data/IMG/1740.jpg,93045,0
data/IMG/1741.jpg,93090,0
data/IMG/1742.jpg,93135,0
data/IMG/1743.jpg,93180,0
data/IMG/1744.jpg,93225,0
data/IMG/1745.jpg,93270,0
data/IMG/1746.jpg,93315,0
data/IMG/1747.jpg,93360,0
data/IMG/1748.jpg,93405,0
data/IMG/1749.jpg,93450,0
data/IMG/1750.jpg,93495,0
data/IMG/1751.jpg,93540,0
data/IMG/1752.jpg,93600,0
data/IMG/1753.jpg,93645,0
data/IMG/1754.jpg,93690,0
data/IMG/1755.jpg,93735,0
data/IMG/1756.jpg,93780,0
data/IMG/1757.jpg,93825,0
data/IMG/1758.jpg,93870,0
data/IMG/1759.jpg,93915,0
data/IMG/1760.jpg,93975,0
data/IMG/1761.jpg,94020,0
data/IMG/1762.jpg,94065,0
data/IMG/1763.jpg,94110,0
data/IMG/1764.jpg,94155,0
data/IMG/1765.jpg,94200,0
data/IMG/1766.jpg,94245,0
data/IMG/1767.jpg,94290,0
data/IMG/1768.jpg,94335,0
data/IMG/1769.jpg,94380,0
data/IMG/1770.jpg,94425,0
data/IMG/1771.jpg,94470,0
data/IMG/1772.jpg,94515,0
data/IMG/1773.jpg,94560,0
data/IMG/1774.jpg,94620,0
data/IMG/1775.jpg,94665,0
data/IMG/1776.jpg,94710,0
data/IMG/1777.jpg,94755,0
data/IMG/1778.jpg,94800,0
data/IMG/1779.jpg,94845,0
data/IMG/1780.jpg,94890,0
data/IMG/1781.jpg,94935,0
data/IMG/1782.jpg,94995,0
data/IMG/1783.jpg,95040,0
data/IMG/1784.jpg,95085,0
data/IMG/1785.jpg,95130,0
data/IMG/1786.jpg,95175,0
data/IMG/1787.jpg,95220,0
data/IMG/1788.jpg,95265,0
data/IMG/1789.jpg,95310,0
data/IMG/1790.jpg,95355,0
data/IMG/1791.jpg,95400,0
data/IMG/1792.jpg,95445,0
data/IMG/1793.jpg,95490,0
data/IMG/1794.jpg,95535,0
data/IMG/1795.jpg,95580,0
data/IMG/1796.jpg,95625,0
data/IMG/1797.jpg,95670,0
data/IMG/1798.jpg,95700,0
data/IMG/1799.jpg,95745,0
data/IMG/1800.jpg,95790,0
data/IMG/1801.jpg,95835,0
data/IMG/1802.jpg,95880,0
data/IMG/1803.jpg,95925,0
data/IMG/1804.jpg,95970,0
data/IMG/1805.jpg,96015,0
data/IMG/1806.jpg,96060,0
data/IMG/1807.jpg,96105,0
data/IMG/1808.jpg,96150,0
data/IMG/1809.jpg,96195,0
data/IMG/1810.jpg,96240,0
data/IMG/1811.jpg,96270,0
data/IMG/1812.jpg,96315,0
data/IMG/1813.jpg,96360,0
data/IMG/1814.jpg,96405,0
data/IMG/1815.jpg,96450,0
data/IMG/1816.jpg,96495,0
data/IMG/1817.jpg,96540,0
data/IMG/1818.jpg,96585,0
data/IMG/1819.jpg,96630,0
data/IMG/1820.jpg,96675,0
data/IMG/1821.jpg,96720,0
data/IMG/1822.jpg,96765,0
data/IMG/1823.jpg,96810,0
data/IMG/1824.jpg,96855,0
data/IMG/1825.jpg,96900,0
data/IMG/1826.jpg,96945,0
data/IMG/1827.jpg,96990,0
data/IMG/1828.jpg,97035,0
data/IMG/1829.jpg,97080,0
data/IMG/1830.jpg,97125,0
data/IMG/1831.jpg,97170,0
data/IMG/1832.jpg,97215,0
data/IMG/1833.jpg,97260,0
data/IMG/1834.jpg,97305,0
data/IMG/1835.jpg,97350,0
data/IMG/1836.jpg,97395,0
data/IMG/1837.jpg,97440,0
data/IMG/1838.jpg,97485,0
data/IMG/1839.jpg,97530,0
data/IMG/1840.jpg,97575,0
data/IMG/1841.jpg,97620,0
data/IMG/1842.jpg,97665,0
data/IMG/1843.jpg,97710,0
data/IMG/1844.jpg,97755,0
data/IMG/1845.jpg,97815,0
data/IMG/1846.jpg,97860,0
data/IMG/1847.jpg,97905,0
data/IMG/1848.jpg,97950,0
data/IMG/1849.jpg,97995,0
data/IMG/1850.jpg,98040,0
data/IMG/1851.jpg,98085,0
data/IMG/1852.jpg,98130,0
data/IMG/1853.jpg,98175,0
data/IMG/1854.jpg,98235,0
data/IMG/1855.jpg,98265,0
data/IMG/1856.jpg,98325,0
data/IMG/1857.jpg,98370,0
data/IMG/1858.jpg,98400,0
data/IMG/1859.jpg,98445,0
data/IMG/1860.jpg,98490,0
data/IMG/1861.jpg,98535,0
data/IMG/1862.jpg,98595,0
data/IMG/1863.jpg,98640,0
data/IMG/1864.jpg,98685,0
data/IMG/1865.jpg,98730,0
data/IMG/1866.jpg,98775,0
data/IMG/1867.jpg,98820,0
data/IMG/1868.jpg,98850,0
data/IMG/1869.jpg,98895,0
data/IMG/1870.jpg,98940,0
data/IMG/1871.jpg,98985,0
data/IMG/1872.jpg,99030,0
data/IMG/1873.jpg,99060,0
data/IMG/1874.jpg,99105,0
data/IMG/1875.jpg,99150,0
data/IMG/1876.jpg,99195,0
data/IMG/1877.jpg,99240,0
data/IMG/1878.jpg,99285,0
data/IMG/1879.jpg,99330,0
data/IMG/1880.jpg,99375,0
data/IMG/1881.jpg,99405,0
data/IMG/1882.jpg,99465,0
data/IMG/1883.jpg,99495,0
data/IMG/1884.jpg,99540,0
data/IMG/1885.jpg,99585,0
data/IMG/1886.jpg,99630,0
data/IMG/1887.jpg,99675,0
data/IMG/1888.jpg,99720,0
data/IMG/1889.jpg,99765,0
data/IMG/1890.jpg,99810,0
data/IMG/1891.jpg,99855,0
data/IMG/1892.jpg,99900,0
data/IMG/1893.jpg,99945,0
data/IMG/1894.jpg,99990,0
data/IMG/1895.jpg,100035,0
data/IMG/1896.jpg,100080,0
data/IMG/1897.jpg,100110,0
data/IMG/1898.jpg,100155,0
data/IMG/1899.jpg,100200,0
data/IMG/1900.jpg,100245,0
data/IMG/1901.jpg,100290,0
data/IMG/1902.jpg,100335,0
data/IMG/1903.jpg,100380,0
data/IMG/1904.jpg,100440,0
data/IMG/1905.jpg,100485,0
data/IMG/1906.jpg,100530,0
data/IMG/1907.jpg,100575,0
data/IMG/1908.jpg,100620,0
data/IMG/1909.jpg,100665,0
data/IMG/1910.jpg,100710,0
data/IMG/1911.jpg,100755,0
data/IMG/1912.jpg,100800,0
data/IMG/1913.jpg,100845,0
data/IMG/1914.jpg,100890,0
data/IMG/1915.jpg,100935,0
data/IMG/1916.jpg,100980,0
data/IMG/1917.jpg,101025,0
data/IMG/1918.jpg,101085,0
data/IMG/1919.jpg,101130,0
data/IMG/1920.jpg,101175,0
data/IMG/1921.jpg,101220,0
data/IMG/1922.jpg,101250,0
data/IMG/1923.jpg,101295,0
data/IMG/1924.jpg,101340,0
data/IMG/1925.jpg,101385,0
data/IMG/1926.jpg,101430,0
data/IMG/1927.jpg,101475,0
data/IMG/1928.jpg,101520,0
data/IMG/1929.jpg,101565,0
data/IMG/1930.jpg,101610,0
data/IMG/1931.jpg,101655,0
data/IMG/1932.jpg,101700,0
data/IMG/1933.jpg,101745,0
data/IMG/1934.jpg,101790,0
data/IMG/1935.jpg,101835,0
data/IMG/1936.jpg,101880,0
data/IMG/1937.jpg,101910,0
data/IMG/1938.jpg,101955,0
data/IMG/1939.jpg,102000,0
data/IMG/1940.jpg,102045,0
data/IMG/1941.jpg,102075,0
data/IMG/1942.jpg,102120,0
data/IMG/1943.jpg,102165,0
data/IMG/1944.jpg,102210,0
data/IMG/1945.jpg,102255,0
data/IMG/1946.jpg,102285,0
data/IMG/1947.jpg,102330,0
data/IMG/1948.jpg,102375,0
data/IMG/1949.jpg,102420,0
data/IMG/1950.jpg,102465,0
data/IMG/1951.jpg,102495,0
data/IMG/1952.jpg,102540,0
data/IMG/1953.jpg,102585,0
data/IMG/1954.jpg,102630,0
data/IMG/1955.jpg,102660,0
data/IMG/1956.jpg,102705,0
data/IMG/1957.jpg,102750,0
data/IMG/1958.jpg,102795,0
data/IMG/1959.jpg,102825,0
data/IMG/1960.jpg,102870,0
data/IMG/1961.jpg,102915,0
data/IMG/1962.jpg,102960,0
data/IMG/1963.jpg,103005,0
data/IMG/1964.jpg,103050,0
data/IMG/1965.jpg,103095,0
data/IMG/1966.jpg,103140,0
data/IMG/1967.jpg,103185,0
data/IMG/1968.jpg,103215,0
data/IMG/1969.jpg,103275,0
data/IMG/1970.jpg,103305,0
data/IMG/1971.jpg,103365,0
data/IMG/1972.jpg,103410,0
data/IMG/1973.jpg,103455,0
data/IMG/1974.jpg,103500,0
data/IMG/1975.jpg,103530,0
data/IMG/1976.jpg,103575,0
data/IMG/1977.jpg,103620,0
data/IMG/1978.jpg,103650,0
data/IMG/1979.jpg,103695,0
data/IMG/1980.jpg,103740,0
data/IMG/1981.jpg,103785,0
data/IMG/1982.jpg,103830,0
data/IMG/1983.jpg,103875,0
data/IMG/1984.jpg,103905,0
data/IMG/1985.jpg,103950,0
data/IMG/1986.jpg,103995,0
data/IMG/1987.jpg,104040,0
data/IMG/1988.jpg,104070,0
data/IMG/1989.jpg,104115,0
data/IMG/1990.jpg,104160,0
data/IMG/1991.jpg,104205,0
data/IMG/1992.jpg,104250,0
data/IMG/1993.jpg,104295,0
data/IMG/1994.jpg,104340,0
data/IMG/1995.jpg,104385,0
data/IMG/1996.jpg,104430,0
data/IMG/1997.jpg,104475,0
data/IMG/1998.jpg,104520,0
data/IMG/1999.jpg,104565,0
data/IMG/2000.jpg,104610,0
data/IMG/2001.jpg,104655,0
data/IMG/2002.jpg,104715,0
data/IMG/2003.jpg,104745,0
data/IMG/2004.jpg,104805,0
data/IMG/2005.jpg,104850,0
data/IMG/2006.jpg,104895,0
data/IMG/2007.jpg,104940,0
data/IMG/2008.jpg,104985,0
data/IMG/2009.jpg,105015,0
data/IMG/2010.jpg,105060,0
data/IMG/2011.jpg,105105,0
data/IMG/2012.jpg,105150,0
data/IMG/2013.jpg,105195,0
data/IMG/2014.jpg,105240,0
data/IMG/2015.jpg,105285,0
data/IMG/2016.jpg,105330,0
data/IMG/2017.jpg,105375,0
data/IMG/2018.jpg,105405,0
data/IMG/2019.jpg,105450,0
data/IMG/2020.jpg,105495,0
data/IMG/2021.jpg,105540,0
data/IMG/2022.jpg,105585,0
data/IMG/2023.jpg,105630,0
data/IMG/2024.jpg,105675,0
data/IMG/2025.jpg,105720,0
data/IMG/2026.jpg,105765,0
data/IMG/2027.jpg,105810,0
data/IMG/2028.jpg,105855,0
data/IMG/2029.jpg,105900,0
data/IMG/2030.jpg,105945,0
data/IMG/2031.jpg,105990,0
data/IMG/2032.jpg,106035,0
data/IMG/2033.jpg,106080,0
data/IMG/2034.jpg,106125,0
data/IMG/2035.jpg,106155,0
data/IMG/2036.jpg,106200,0
data/IMG/2037.jpg,106245,0
data/IMG/2038.jpg,106290,0
data/IMG/2039.jpg,106335,0
data/IMG/2040.jpg,106380,0
data/IMG/2041.jpg,106425,0
data/IMG/2042.jpg,106455,0
data/IMG/2043.jpg,106500,0
data/IMG/2044.jpg,106545,0
data/IMG/2045.jpg,106590,0
data/IMG/2046.jpg,106620,0
data/IMG/2047.jpg,106665,0
data/IMG/2048.jpg,106710,0
data/IMG/2049.jpg,106755,0
data/IMG/2050.jpg,106785,0
data/IMG/2051.jpg,106830,0
data/IMG/2052.jpg,106860,0
data/IMG/2053.jpg,106905,0
data/IMG/2054.jpg,106950,0
data/IMG/2055.jpg,106980,0
data/IMG/2056.jpg,107025,0
data/IMG/2057.jpg,107070,0
data/IMG/2058.jpg,107115,0
data/IMG/2059.jpg,107160,0
data/IMG/2060.jpg,107190,0
data/IMG/2061.jpg,107235,0
data/IMG/2062.jpg,107280,0
data/IMG/2063.jpg,107325,0
data/IMG/2064.jpg,107370,0
data/IMG/2065.jpg,107415,0
data/IMG/2066.jpg,107460,0
data/IMG/2067.jpg,107490,0
data/IMG/2068.jpg,107535,0
data/IMG/2069.jpg,107580,0
data/IMG/2070.jpg,107625,0
data/IMG/2071.jpg,107670,0
data/IMG/2072.jpg,107700,0
data/IMG/2073.jpg,107745,0
data/IMG/2074.jpg,107790,0
data/IMG/2075.jpg,107835,0
data/IMG/2076.jpg,107880,0
data/IMG/2077.jpg,107925,0
data/IMG/2078.jpg,107955,0
data/IMG/2079.jpg,108000,0
data/IMG/2080.jpg,108045,0
data/IMG/2081.jpg,108075,0
data/IMG/2082.jpg,108120,0
data/IMG/2083.jpg,108165,0
data/IMG/2084.jpg,108210,0
data/IMG/2085.jpg,108240,0
data/IMG/2086.jpg,108285,0
data/IMG/2087.jpg,108330,0
data/IMG/2088.jpg,108360,0
data/IMG/2089.jpg,108405,0
data/IMG/2090.jpg,108450,0
data/IMG/2091.jpg,108495,0
data/IMG/2092.jpg,108540,0
data/IMG/2093.jpg,108585,0
data/IMG/2094.jpg,108630,0
data/IMG/2095.jpg,108660,0
data/IMG/2096.jpg,108705,0
data/IMG/2097.jpg,108750,0
data/IMG/2098.jpg,108795,0
data/IMG/2099.jpg,108840,0
data/IMG/2100.jpg,108885,0
data/IMG/2101.jpg,108930,0
data/IMG/2102.jpg,108975,0
data/IMG/2103.jpg,109020,0
data/IMG/2104.jpg,109050,0
data/IMG/2105.jpg,109095,0
data/IMG/2106.jpg,109140,0
data/IMG/2107.jpg,109185,0
data/IMG/2108.jpg,109230,0
data/IMG/2109.jpg,109275,0
data/IMG/2110.jpg,109320,0
data/IMG/2111.jpg,109365,0
data/IMG/2112.jpg,109410,0
data/IMG/2113.jpg,109440,0
data/IMG/2114.jpg,109485,0
data/IMG/2115.jpg,109530,0
data/IMG/2116.jpg,109560,0
data/IMG/2117.jpg,109605,0
data/IMG/2118.jpg,109650,0
data/IMG/2119.jpg,109695,0
data/IMG/2120.jpg,109740,0
data/IMG/2121.jpg,109770,0
data/IMG/2122.jpg,109830,0
data/IMG/2123.jpg,109860,0
data/IMG/2124.jpg,109905,0
data/IMG/2125.jpg,109950,0
data/IMG/2126.jpg,109995,0
data/IMG/2127.jpg,110040,0
data/IMG/2128.jpg,110085,0
data/IMG/2129.jpg,110115,0
data/IMG/2130.jpg,110160,0
data/IMG/2131.jpg,110205,0
data/IMG/2132.jpg,110250,0
data/IMG/2133.jpg,110295,0
data/IMG/2134.jpg,110340,0
data/IMG/2135.jpg,110385,0
data/IMG/2136.jpg,110415,0
data/IMG/2137.jpg,110460,0
data/IMG/2138.jpg,110505,0
data/IMG/2139.jpg,110550,0
data/IMG/2140.jpg,110595,0
data/IMG/2141.jpg,110640,0
data/IMG/2142.jpg,110670,0
data/IMG/2143.jpg,110715,0
data/IMG/2144.jpg,110745,0
data/IMG/2145.jpg,110790,0
data/IMG/2146.jpg,110835,0
data/IMG/2147.jpg,110865,0
data/IMG/2148.jpg,110910,0
data/IMG/2149.jpg,110955,0
data/IMG/2150.jpg,110985,0
data/IMG/2151.jpg,111030,0
data/IMG/2152.jpg,111075,0
data/IMG/2153.jpg,111105,0
data/IMG/2154.jpg,111150,0
data/IMG/2155.jpg,111180,0
data/IMG/2156.jpg,111225,0
data/IMG/2157.jpg,111270,0
data/IMG/2158.jpg,111300,0
data/IMG/2159.jpg,111345,0
data/IMG/2160.jpg,111390,0
data/IMG/2161.jpg,111420,0
data/IMG/2162.jpg,111465,0
data/IMG/2163.jpg,111510,0
data/IMG/2164.jpg,111555,0
data/IMG/2165.jpg,111585,0
data/IMG/2166.jpg,111630,0
data/IMG/2167.jpg,111675,0
data/IMG/2168.jpg,111720,0
data/IMG/2169.jpg,111750,0
data/IMG/2170.jpg,111795,0
data/IMG/2171.jpg,111825,0
data/IMG/2172.jpg,111870,0
data/IMG/2173.jpg,111915,0
data/IMG/2174.jpg,111960,0
data/IMG/2175.jpg,111990,0
data/IMG/2176.jpg,112035,0
data/IMG/2177.jpg,112080,0
data/IMG/2178.jpg,112110,0
data/IMG/2179.jpg,112155,0
data/IMG/2180.jpg,112185,0
data/IMG/2181.jpg,112230,0
data/IMG/2182.jpg,112260,0
data/IMG/2183.jpg,112305,0
data/IMG/2184.jpg,112350,0
data/IMG/2185.jpg,112380,0
data/IMG/2186.jpg,112425,0
data/IMG/2187.jpg,112455,0
data/IMG/2188.jpg,112500,0
data/IMG/2189.jpg,112545,0
data/IMG/2190.jpg,112575,0
data/IMG/2191.jpg,112620,0
data/IMG/2192.jpg,112650,0
data/IMG/2193.jpg,112710,0
data/IMG/2194.jpg,112740,0
data/IMG/2195.jpg,112785,0
data/IMG/2196.jpg,112830,0
data/IMG/2197.jpg,112875,0
data/IMG/2198.jpg,112920,0
data/IMG/2199.jpg,112965,0
data/IMG/2200.jpg,113010,0
data/IMG/2201.jpg,113040,0
data/IMG/2202.jpg,113085,0
data/IMG/2203.jpg,113130,0
data/IMG/2204.jpg,113175,0
data/IMG/2205.jpg,113220,0
data/IMG/2206.jpg,113250,0
data/IMG/2207.jpg,113295,0
data/IMG/2208.jpg,113340,0
data/IMG/2209.jpg,113385,0
data/IMG/2210.jpg,113430,0
data/IMG/2211.jpg,113475,0
data/IMG/2212.jpg,113505,0
data/IMG/2213.jpg,113550,0
data/IMG/2214.jpg,113595,0
data/IMG/2215.jpg,113640,0
data/IMG/2216.jpg,113685,0
data/IMG/2217.jpg,113730,0
data/IMG/2218.jpg,113760,0
data/IMG/2219.jpg,113805,0
data/IMG/2220.jpg,113850,0
data/IMG/2221.jpg,113895,0
data/IMG/2222.jpg,113940,0
data/IMG/2223.jpg,113985,0
data/IMG/2224.jpg,114030,0
data/IMG/2225.jpg,114075,0
data/IMG/2226.jpg,114120,0
data/IMG/2227.jpg,114150,0
data/IMG/2228.jpg,114195,0
data/IMG/2229.jpg,114240,0
data/IMG/2230.jpg,114285,0
data/IMG/2231.jpg,114330,0
data/IMG/2232.jpg,114360,0
data/IMG/2233.jpg,114405,0
data/IMG/2234.jpg,114450,0
data/IMG/2235.jpg,114495,0
data/IMG/2236.jpg,114525,0
data/IMG/2237.jpg,114570,0
data/IMG/2238.jpg,114615,0
data/IMG/2239.jpg,114645,0
data/IMG/2240.jpg,114690,0
data/IMG/2241.jpg,114735,0
data/IMG/2242.jpg,114765,0
data/IMG/2243.jpg,114810,0
data/IMG/2244.jpg,114855,0
data/IMG/2245.jpg,114885,0
data/IMG/2246.jpg,114930,0
data/IMG/2247.jpg,114975,0
data/IMG/2248.jpg,115005,0
data/IMG/2249.jpg,115050,0
data/IMG/2250.jpg,115080,0
data/IMG/2251.jpg,115125,0
data/IMG/2252.jpg,115170,0
data/IMG/2253.jpg,115215,0
data/IMG/2254.jpg,115245,0
data/IMG/2255.jpg,115290,0
data/IMG/2256.jpg,115320,0
data/IMG/2257.jpg,115365,0
data/IMG/2258.jpg,115410,0
data/IMG/2259.jpg,115440,0
data/IMG/2260.jpg,115485,0
data/IMG/2261.jpg,115515,0
data/IMG/2262.jpg,115560,0
data/IMG/2263.jpg,115605,0
data/IMG/2264.jpg,115635,0
data/IMG/2265.jpg,115680,0
data/IMG/2266.jpg,115710,0
data/IMG/2267.jpg,115755,0
data/IMG/2268.jpg,115785,0
data/IMG/2269.jpg,115830,0
data/IMG/2270.jpg,115875,0
data/IMG/2271.jpg,115920,0
data/IMG/2272.jpg,115950,0
data/IMG/2273.jpg,115995,0
data/IMG/2274.jpg,116040,0
data/IMG/2275.jpg,116085,0
data/IMG/2276.jpg,116115,0
data/IMG/2277.jpg,116160,0
data/IMG/2278.jpg,116205,0
data/IMG/2279.jpg,116250,0
data/IMG/2280.jpg,116280,0
data/IMG/2281.jpg,116325,0
data/IMG/2282.jpg,116370,0
data/IMG/2283.jpg,116415,0
data/IMG/2284.jpg,116445,0
data/IMG/2285.jpg,116490,0
data/IMG/2286.jpg,116535,0
data/IMG/2287.jpg,116565,0
data/IMG/2288.jpg,116610,0
data/IMG/2289.jpg,116640,0
data/IMG/2290.jpg,116685,0
data/IMG/2291.jpg,116715,0
data/IMG/2292.jpg,116760,0
data/IMG/2293.jpg,116805,0
data/IMG/2294.jpg,116835,0
data/IMG/2295.jpg,116880,0
data/IMG/2296.jpg,116910,0
data/IMG/2297.jpg,116955,0
data/IMG/2298.jpg,116985,0
data/IMG/2299.jpg,117030,0
data/IMG/2300.jpg,117075,0
data/IMG/2301.jpg,117105,0
data/IMG/2302.jpg,117150,0
data/IMG/2303.jpg,117195,0
data/IMG/2304.jpg,117225,0
data/IMG/2305.jpg,117270,0
data/IMG/2306.jpg,117300,0
data/IMG/2307.jpg,117345,0
data/IMG/2308.jpg,117390,0
data/IMG/2309.jpg,117420,0
data/IMG/2310.jpg,117465,0
data/IMG/2311.jpg,117510,0
data/IMG/2312.jpg,117540,0
data/IMG/2313.jpg,117585,0
data/IMG/2314.jpg,117615,0
data/IMG/2315.jpg,117660,0
data/IMG/2316.jpg,117705,0
data/IMG/2317.jpg,117750,0
data/IMG/2318.jpg,117780,0
data/IMG/2319.jpg,117825,0
data/IMG/2320.jpg,117870,0
data/IMG/2321.jpg,117900,0
data/IMG/2322.jpg,117945,0
data/IMG/2323.jpg,117990,0
data/IMG/2324.jpg,118020,0
data/IMG/2325.jpg,118065,0
data/IMG/2326.jpg,118095,0
data/IMG/2327.jpg,118140,0
data/IMG/2328.jpg,118185,0
data/IMG/2329.jpg,118215,0
data/IMG/2330.jpg,118260,0
data/IMG/2331.jpg,118305,0
data/IMG/2332.jpg,118335,0
data/IMG/2333.jpg,118380,0
data/IMG/2334.jpg,118425,0
data/IMG/2335.jpg,118455,0
data/IMG/2336.jpg,118500,0
data/IMG/2337.jpg,118545,0
data/IMG/2338.jpg,118590,0
data/IMG/2339.jpg,118620,0
data/IMG/2340.jpg,118665,0
data/IMG/2341.jpg,118710,0
data/IMG/2342.jpg,118755,0
data/IMG/2343.jpg,118785,0
data/IMG/2344.jpg,118830,0
data/IMG/2345.jpg,118860,0
data/IMG/2346.jpg,118905,0
data/IMG/2347.jpg,118950,0
data/IMG/2348.jpg,118995,0
data/IMG/2349.jpg,119040,0
data/IMG/2350.jpg,119070,0
data/IMG/2351.jpg,119115,0
data/IMG/2352.jpg,119160,0
data/IMG/2353.jpg,119190,0
data/IMG/2354.jpg,119235,0
data/IMG/2355.jpg,119280,0
data/IMG/2356.jpg,119325,0
data/IMG/2357.jpg,119355,0
data/IMG/2358.jpg,119400,0
data/IMG/2359.jpg,119445,0
data/IMG/2360.jpg,119475,0
data/IMG/2361.jpg,119520,0
data/IMG/2362.jpg,119565,0
data/IMG/2363.jpg,119610,0
data/IMG/2364.jpg,119640,0
data/IMG/2365.jpg,119685,0
data/IMG/2366.jpg,119715,0
data/IMG/2367.jpg,119760,0
data/IMG/2368.jpg,119805,0
data/IMG/2369.jpg,119835,0
data/IMG/2370.jpg,119880,0
data/IMG/2371.jpg,119910,0
data/IMG/2372.jpg,119955,0
data/IMG/2373.jpg,120000,0
data/IMG/2374.jpg,120030,0
data/IMG/2375.jpg,120075,0
data/IMG/2376.jpg,120105,0
data/IMG/2377.jpg,120150,0
data/IMG/2378.jpg,120195,0
data/IMG/2379.jpg,120225,0
data/IMG/2380.jpg,120270,0
data/IMG/2381.jpg,120315,0
data/IMG/2382.jpg,120345,0
data/IMG/2383.jpg,120390,0
data/IMG/2384.jpg,120435,0
data/IMG/2385.jpg,120465,0
data/IMG/2386.jpg,120510,0
data/IMG/2387.jpg,120540,0
data/IMG/2388.jpg,120585,0
data/IMG/2389.jpg,120615,0
data/IMG/2390.jpg,120660,0
data/IMG/2391.jpg,120690,0
data/IMG/2392.jpg,120735,0
data/IMG/2393.jpg,120765,0
data/IMG/2394.jpg,120810,0
data/IMG/2395.jpg,120840,0
data/IMG/2396.jpg,120885,0
data/IMG/2397.jpg,120915,0
data/IMG/2398.jpg,120960,0
data/IMG/2399.jpg,121005,0
data/IMG/2400.jpg,121035,0
data/IMG/2401.jpg,121080,0
data/IMG/2402.jpg,121110,0
data/IMG/2403.jpg,121155,0
data/IMG/2404.jpg,121185,0
data/IMG/2405.jpg,121215,0
data/IMG/2406.jpg,121260,0
data/IMG/2407.jpg,121305,0
data/IMG/2408.jpg,121335,0
data/IMG/2409.jpg,121380,0
data/IMG/2410.jpg,121410,0
data/IMG/2411.jpg,121455,0
data/IMG/2412.jpg,121500,0
data/IMG/2413.jpg,121545,0
data/IMG/2414.jpg,121575,0
data/IMG/2415.jpg,121620,0
data/IMG/2416.jpg,121665,0
data/IMG/2417.jpg,121695,0
data/IMG/2418.jpg,121740,0
data/IMG/2419.jpg,121785,0
data/IMG/2420.jpg,121815,0
data/IMG/2421.jpg,121860,0
data/IMG/2422.jpg,121890,0
data/IMG/2423.jpg,121935,0
data/IMG/2424.jpg,121980,0
data/IMG/2425.jpg,122010,0
data/IMG/2426.jpg,122055,0
data/IMG/2427.jpg,122100,0
data/IMG/2428.jpg,122130,0
data/IMG/2429.jpg,122175,0
data/IMG/2430.jpg,122220,0
data/IMG/2431.jpg,122250,0
data/IMG/2432.jpg,122295,0
data/IMG/2433.jpg,122325,0
data/IMG/2434.jpg,122370,0
data/IMG/2435.jpg,122400,0
data/IMG/2436.jpg,122445,0
data/IMG/2437.jpg,122490,0
data/IMG/2438.jpg,122520,0
data/IMG/2439.jpg,122565,0
data/IMG/2440.jpg,122595,0
data/IMG/2441.jpg,122640,0
data/IMG/2442.jpg,122685,0
data/IMG/2443.jpg,122715,0
data/IMG/2444.jpg,122760,0
data/IMG/2445.jpg,122805,0
data/IMG/2446.jpg,122850,0
data/IMG/2447.jpg,122880,0
data/IMG/2448.jpg,122925,0
data/IMG/2449.jpg,122970,0
data/IMG/2450.jpg,123000,0
data/IMG/2451.jpg,123045,0
data/IMG/2452.jpg,123075,0
data/IMG/2453.jpg,123120,0
data/IMG/2454.jpg,123165,0
data/IMG/2455.jpg,123195,0
data/IMG/2456.jpg,123240,0
data/IMG/2457.jpg,123285,0
data/IMG/2458.jpg,123315,0
data/IMG/2459.jpg,123360,0
data/IMG/2460.jpg,123405,0
data/IMG/2461.jpg,123435,0
data/IMG/2462.jpg,123480,0
data/IMG/2463.jpg,123510,0
data/IMG/2464.jpg,123555,0
data/IMG/2465.jpg,123585,0
data/IMG/2466.jpg,123630,0
data/IMG/2467.jpg,123660,0
data/IMG/2468.jpg,123705,0
data/IMG/2469.jpg,123735,0
data/IMG/2470.jpg,123780,0
data/IMG/2471.jpg,123810,0
data/IMG/2472.jpg,123855,0
data/IMG/2473.jpg,123885,0
data/IMG/2474.jpg,123915,0
data/IMG/2475.jpg,123960,0
data/IMG/2476.jpg,123990,0
data/IMG/2477.jpg,124035,0
data/IMG/2478.jpg,124080,0
data/IMG/2479.jpg,124110,0
data/IMG/2480.jpg,124140,0
data/IMG/2481.jpg,124185,0
data/IMG/2482.jpg,124230,0
data/IMG/2483.jpg,124260,0
data/IMG/2484.jpg,124290,0
data/IMG/2485.jpg,124335,0
data/IMG/2486.jpg,124380,0
data/IMG/2487.jpg,124410,0
data/IMG/2488.jpg,124455,0
data/IMG/2489.jpg,124485,0
data/IMG/2490.jpg,124530,0
data/IMG/2491.jpg,124560,0
data/IMG/2492.jpg,124605,0
data/IMG/2493.jpg,124650,0
data/IMG/2494.jpg,124680,0
data/IMG/2495.jpg,124725,0
data/IMG/2496.jpg,124770,0
data/IMG/2497.jpg,124800,0
data/IMG/2498.jpg,124845,0
data/IMG/2499.jpg,124875,0
data/IMG/2500.jpg,124920,0
data/IMG/2501.jpg,124965,0
data/IMG/2502.jpg,124995,0
data/IMG/2503.jpg,125025,0
data/IMG/2504.jpg,125070,0
data/IMG/2505.jpg,125100,0
data/IMG/2506.jpg,125145,0
data/IMG/2507.jpg,125190,0
data/IMG/2508.jpg,125220,0
data/IMG/2509.jpg,125265,0
data/IMG/2510.jpg,125310,0
data/IMG/2511.jpg,125340,0
data/IMG/2512.jpg,125385,0
data/IMG/2513.jpg,125415,0
data/IMG/2514.jpg,125460,0
data/IMG/2515.jpg,125505,0
data/IMG/2516.jpg,125535,0
data/IMG/2517.jpg,125580,0
data/IMG/2518.jpg,125625,0
data/IMG/2519.jpg,125655,0
data/IMG/2520.jpg,125700,0
data/IMG/2521.jpg,125745,0
data/IMG/2522.jpg,125775,0
data/IMG/2523.jpg,125820,0
data/IMG/2524.jpg,125865,0
data/IMG/2525.jpg,125895,0
data/IMG/2526.jpg,125940,0
data/IMG/2527.jpg,125985,0
data/IMG/2528.jpg,126015,0
data/IMG/2529.jpg,126060,0
data/IMG/2530.jpg,126105,0
data/IMG/2531.jpg,126135,0
data/IMG/2532.jpg,126180,0
data/IMG/2533.jpg,126210,0
data/IMG/2534.jpg,126255,0
data/IMG/2535.jpg,126300,0
data/IMG/2536.jpg,126330,0
data/IMG/2537.jpg,126375,0
data/IMG/2538.jpg,126420,0
data/IMG/2539.jpg,126450,0
data/IMG/2540.jpg,126495,0
data/IMG/2541.jpg,126525,0
data/IMG/2542.jpg,126570,0
data/IMG/2543.jpg,126600,0
data/IMG/2544.jpg,126645,0
data/IMG/2545.jpg,126675,0
data/IMG/2546.jpg,126705,0
data/IMG/2547.jpg,126750,0
data/IMG/2548.jpg,126780,0
data/IMG/2549.jpg,126810,0
data/IMG/2550.jpg,126855,0
data/IMG/2551.jpg,126885,0
data/IMG/2552.jpg,126930,0
data/IMG/2553.jpg,126960,0
data/IMG/2554.jpg,127005,0
data/IMG/2555.jpg,127035,0
data/IMG/2556.jpg,127080,0
data/IMG/2557.jpg,127110,0
data/IMG/2558.jpg,127155,0
data/IMG/2559.jpg,127200,0
data/IMG/2560.jpg,127230,0
data/IMG/2561.jpg,127275,0
data/IMG/2562.jpg,127305,0
data/IMG/2563.jpg,127335,0
data/IMG/2564.jpg,127380,0
data/IMG/2565.jpg,127410,0
data/IMG/2566.jpg,127440,0
data/IMG/2567.jpg,127485,0
data/IMG/2568.jpg,127530,0
data/IMG/2569.jpg,127560,0
data/IMG/2570.jpg,127605,0
data/IMG/2571.jpg,127635,0
data/IMG/2572.jpg,127680,0
data/IMG/2573.jpg,127710,0
data/IMG/2574.jpg,127755,0
data/IMG/2575.jpg,127785,0
data/IMG/2576.jpg,127830,0
data/IMG/2577.jpg,127860,0
data/IMG/2578.jpg,127905,0
data/IMG/2579.jpg,127935,0
data/IMG/2580.jpg,127980,0
data/IMG/2581.jpg,128010,0
data/IMG/2582.jpg,128055,0
data/IMG/2583.jpg,128085,0
data/IMG/2584.jpg,128130,0
data/IMG/2585.jpg,128175,0
data/IMG/2586.jpg,128205,0
data/IMG/2587.jpg,128250,0
data/IMG/2588.jpg,128280,0
data/IMG/2589.jpg,128325,0
data/IMG/2590.jpg,128355,0
data/IMG/2591.jpg,128400,0
data/IMG/2592.jpg,128430,0
data/IMG/2593.jpg,128475,0
data/IMG/2594.jpg,128505,0
data/IMG/2595.jpg,128550,0
data/IMG/2596.jpg,128595,0
data/IMG/2597.jpg,128625,0
data/IMG/2598.jpg,128670,0
data/IMG/2599.jpg,128700,0
data/IMG/2600.jpg,128745,0
data/IMG/2601.jpg,128790,0
data/IMG/2602.jpg,128820,0
data/IMG/2603.jpg,128865,0
data/IMG/2604.jpg,128895,0
data/IMG/2605.jpg,128940,0
data/IMG/2606.jpg,128985,0
data/IMG/2607.jpg,129015,0
data/IMG/2608.jpg,129060,0
data/IMG/2609.jpg,129090,0
data/IMG/2610.jpg,129135,0
data/IMG/2611.jpg,129180,0
data/IMG/2612.jpg,129210,0
data/IMG/2613.jpg,129255,0
data/IMG/2614.jpg,129300,0
data/IMG/2615.jpg,129330,0
data/IMG/2616.jpg,129360,0
data/IMG/2617.jpg,129405,0
data/IMG/2618.jpg,129435,0
data/IMG/2619.jpg,129480,0
data/IMG/2620.jpg,129525,0
data/IMG/2621.jpg,129555,0
data/IMG/2622.jpg,129585,0
data/IMG/2623.jpg,129630,0
data/IMG/2624.jpg,129675,0
data/IMG/2625.jpg,129705,0
data/IMG/2626.jpg,129735,0
data/IMG/2627.jpg,129780,0
data/IMG/2628.jpg,129810,0
data/IMG/2629.jpg,129855,0
data/IMG/2630.jpg,129885,0
data/IMG/2631.jpg,129915,0
data/IMG/2632.jpg,129945,0
data/IMG/2633.jpg,129990,0
data/IMG/2634.jpg,130020,0
data/IMG/2635.jpg,130065,0
data/IMG/2636.jpg,130095,0
data/IMG/2637.jpg,130140,0
data/IMG/2638.jpg,130170,0
data/IMG/2639.jpg,130200,0
data/IMG/2640.jpg,130245,0
data/IMG/2641.jpg,130275,0
data/IMG/2642.jpg,130320,0
data/IMG/2643.jpg,130350,0
data/IMG/2644.jpg,130395,0
data/IMG/2645.jpg,130425,0
data/IMG/2646.jpg,130455,0
data/IMG/2647.jpg,130500,0
data/IMG/2648.jpg,130530,0
data/IMG/2649.jpg,130560,0
data/IMG/2650.jpg,130605,0
data/IMG/2651.jpg,130635,0
data/IMG/2652.jpg,130680,0
data/IMG/2653.jpg,130710,0
data/IMG/2654.jpg,130755,0
data/IMG/2655.jpg,130800,0
data/IMG/2656.jpg,130830,0
data/IMG/2657.jpg,130875,0
data/IMG/2658.jpg,130905,0
data/IMG/2659.jpg,130950,0
data/IMG/2660.jpg,130980,0
data/IMG/2661.jpg,131025,0
data/IMG/2662.jpg,131055,0
data/IMG/2663.jpg,131100,0
data/IMG/2664.jpg,131130,0
data/IMG/2665.jpg,131175,0
data/IMG/2666.jpg,131220,0
data/IMG/2667.jpg,131265,0
data/IMG/2668.jpg,131295,0
data/IMG/2669.jpg,131340,0
data/IMG/2670.jpg,131385,0
data/IMG/2671.jpg,131415,0
data/IMG/2672.jpg,131445,0
data/IMG/2673.jpg,131490,0
data/IMG/2674.jpg,131520,0
data/IMG/2675.jpg,131565,0
data/IMG/2676.jpg,131595,0
data/IMG/2677.jpg,131640,0
data/IMG/2678.jpg,131670,0
data/IMG/2679.jpg,131700,0
data/IMG/2680.jpg,131745,0
data/IMG/2681.jpg,131775,0
data/IMG/2682.jpg,131820,0
data/IMG/2683.jpg,131850,0
data/IMG/2684.jpg,131895,0
data/IMG/2685.jpg,131925,0
data/IMG/2686.jpg,131970,0
data/IMG/2687.jpg,132015,0
data/IMG/2688.jpg,132045,0
data/IMG/2689.jpg,132090,0
data/IMG/2690.jpg,132120,0
data/IMG/2691.jpg,132165,0
data/IMG/2692.jpg,132195,0
data/IMG/2693.jpg,132240,0
data/IMG/2694.jpg,132270,0
data/IMG/2695.jpg,132315,0
data/IMG/2696.jpg,132345,0
data/IMG/2697.jpg,132390,0
data/IMG/2698.jpg,132420,0
data/IMG/2699.jpg,132465,0
data/IMG/2700.jpg,132510,0
data/IMG/2701.jpg,132540,0
data/IMG/2702.jpg,132585,0
data/IMG/2703.jpg,132630,0
data/IMG/2704.jpg,132660,0
data/IMG/2705.jpg,132705,0
data/IMG/2706.jpg,132735,0
data/IMG/2707.jpg,132780,0
data/IMG/2708.jpg,132825,0
data/IMG/2709.jpg,132855,0
data/IMG/2710.jpg,132900,0
data/IMG/2711.jpg,132930,0
data/IMG/2712.jpg,132975,0
data/IMG/2713.jpg,133020,0
data/IMG/2714.jpg,133050,0
data/IMG/2715.jpg,133095,0
data/IMG/2716.jpg,133125,0
data/IMG/2717.jpg,133155,0
data/IMG/2718.jpg,133200,0
data/IMG/2719.jpg,133245,0
data/IMG/2720.jpg,133275,0
data/IMG/2721.jpg,133320,0
data/IMG/2722.jpg,133365,0
data/IMG/2723.jpg,133410,0
data/IMG/2724.jpg,133440,0
data/IMG/2725.jpg,133485,0
data/IMG/2726.jpg,133515,0
data/IMG/2727.jpg,133560,0
data/IMG/2728.jpg,133590,0
data/IMG/2729.jpg,133635,0
data/IMG/2730.jpg,133680,0
data/IMG/2731.jpg,133710,0
data/IMG/2732.jpg,133755,0
data/IMG/2733.jpg,133800,0
data/IMG/2734.jpg,133830,0
data/IMG/2735.jpg,133875,0
data/IMG/2736.jpg,133905,0
data/IMG/2737.jpg,133950,0
data/IMG/2738.jpg,133995,0
data/IMG/2739.jpg,134025,0
data/IMG/2740.jpg,134070,0
data/IMG/2741.jpg,134115,0
data/IMG/2742.jpg,134145,0
data/IMG/2743.jpg,134175,0
data/IMG/2744.jpg,134220,0
data/IMG/2745.jpg,134250,0
data/IMG/2746.jpg,134280,0
data/IMG/2747.jpg,134325,0
data/IMG/2748.jpg,134355,0
data/IMG/2749.jpg,134400,0
data/IMG/2750.jpg,134430,0
data/IMG/2751.jpg,134475,0
data/IMG/2752.jpg,134505,0
data/IMG/2753.jpg,134550,0
data/IMG/2754.jpg,134580,0
data/IMG/2755.jpg,134610,0
data/IMG/2756.jpg,134640,0
data/IMG/2757.jpg,134685,0
data/IMG/2758.jpg,134730,0
data/IMG/2759.jpg,134760,0
data/IMG/2760.jpg,134805,0
data/IMG/2761.jpg,134835,0
data/IMG/2762.jpg,134865,0
data/IMG/2763.jpg,134910,0
data/IMG/2764.jpg,134940,0
data/IMG/2765.jpg,134985,0
data/IMG/2766.jpg,135030,0
data/IMG/2767.jpg,135060,0
data/IMG/2768.jpg,135105,0
data/IMG/2769.jpg,135150,0
data/IMG/2770.jpg,135180,0
data/IMG/2771.jpg,135225,0
data/IMG/2772.jpg,135270,0
data/IMG/2773.jpg,135300,0
data/IMG/2774.jpg,135345,0
data/IMG/2775.jpg,135390,0
data/IMG/2776.jpg,135420,0
data/IMG/2777.jpg,135465,0
data/IMG/2778.jpg,135510,0
data/IMG/2779.jpg,135540,0
data/IMG/2780.jpg,135585,0
data/IMG/2781.jpg,135630,0
data/IMG/2782.jpg,135660,0
data/IMG/2783.jpg,135705,0
data/IMG/2784.jpg,135750,0
data/IMG/2785.jpg,135780,0
data/IMG/2786.jpg,135825,0
data/IMG/2787.jpg,135870,0
data/IMG/2788.jpg,135900,0
data/IMG/2789.jpg,135945,0
data/IMG/2790.jpg,135990,0
data/IMG/2791.jpg,136020,0
data/IMG/2792.jpg,136065,0
data/IMG/2793.jpg,136110,0
data/IMG/2794.jpg,136140,0
data/IMG/2795.jpg,136185,0
data/IMG/2796.jpg,136230,0
data/IMG/2797.jpg,136260,0
data/IMG/2798.jpg,136305,0
data/IMG/2799.jpg,136350,0
data/IMG/2800.jpg,136380,0
data/IMG/2801.jpg,136425,0
data/IMG/2802.jpg,136470,0
data/IMG/2803.jpg,136500,0
data/IMG/2804.jpg,136545,0
data/IMG/2805.jpg,136590,0
data/IMG/2806.jpg,136620,0
data/IMG/2807.jpg,136665,0
data/IMG/2808.jpg,136695,0
data/IMG/2809.jpg,136725,0
data/IMG/2810.jpg,136770,0
data/IMG/2811.jpg,136815,0
data/IMG/2812.jpg,136845,0
data/IMG/2813.jpg,136890,0
data/IMG/2814.jpg,136920,0
data/IMG/2815.jpg,136965,0
data/IMG/2816.jpg,137010,0
data/IMG/2817.jpg,137040,0
data/IMG/2818.jpg,137085,0
data/IMG/2819.jpg,137115,0
data/IMG/2820.jpg,137145,0
data/IMG/2821.jpg,137190,0
data/IMG/2822.jpg,137220,0
data/IMG/2823.jpg,137265,0
data/IMG/2824.jpg,137295,0
data/IMG/2825.jpg,137325,0
data/IMG/2826.jpg,137370,0
data/IMG/2827.jpg,137400,0
data/IMG/2828.jpg,137445,0
data/IMG/2829.jpg,137475,0
data/IMG/2830.jpg,137520,0
data/IMG/2831.jpg,137550,0
data/IMG/2832.jpg,137580,0
data/IMG/2833.jpg,137625,0
data/IMG/2834.jpg,137655,0
data/IMG/2835.jpg,137700,0
data/IMG/2836.jpg,137730,0
data/IMG/2837.jpg,137775,0
data/IMG/2838.jpg,137805,0
data/IMG/2839.jpg,137850,0
data/IMG/2840.jpg,137880,0
data/IMG/2841.jpg,137925,0
data/IMG/2842.jpg,137955,0
data/IMG/2843.jpg,137985,0
data/IMG/2844.jpg,138030,0
data/IMG/2845.jpg,138060,0
data/IMG/2846.jpg,138105,0
data/IMG/2847.jpg,138135,0
data/IMG/2848.jpg,138180,0
data/IMG/2849.jpg,138210,0
data/IMG/2850.jpg,138255,0
data/IMG/2851.jpg,138285,0
data/IMG/2852.jpg,138330,0
data/IMG/2853.jpg,138360,0
data/IMG/2854.jpg,138405,0
data/IMG/2855.jpg,138450,0
data/IMG/2856.jpg,138480,0
data/IMG/2857.jpg,138525,0
data/IMG/2858.jpg,138570,0
data/IMG/2859.jpg,138600,0
data/IMG/2860.jpg,138645,0
data/IMG/2861.jpg,138675,0
data/IMG/2862.jpg,138720,0
data/IMG/2863.jpg,138750,0
data/IMG/2864.jpg,138795,0
data/IMG/2865.jpg,138840,0
data/IMG/2866.jpg,138870,0
data/IMG/2867.jpg,138915,0
data/IMG/2868.jpg,138960,0
data/IMG/2869.jpg,138990,0
data/IMG/2870.jpg,139035,0
data/IMG/2871.jpg,139080,0
data/IMG/2872.jpg,139125,0
data/IMG/2873.jpg,139155,0
data/IMG/2874.jpg,139185,0
data/IMG/2875.jpg,139230,0
data/IMG/2876.jpg,139275,0
data/IMG/2877.jpg,139305,0
data/IMG/2878.jpg,139350,0
data/IMG/2879.jpg,139395,0
data/IMG/2880.jpg,139425,0
data/IMG/2881.jpg,139470,0
data/IMG/2882.jpg,139500,0
data/IMG/2883.jpg,139545,0
data/IMG/2884.jpg,139590,0
data/IMG/2885.jpg,139620,0
data/IMG/2886.jpg,139665,0
data/IMG/2887.jpg,139710,0
data/IMG/2888.jpg,139740,0
data/IMG/2889.jpg,139785,0
data/IMG/2890.jpg,139815,0
data/IMG/2891.jpg,139860,0
data/IMG/2892.jpg,139890,0
data/IMG/2893.jpg,139935,0
data/IMG/2894.jpg,139965,0
data/IMG/2895.jpg,140010,0
data/IMG/2896.jpg,140055,0
data/IMG/2897.jpg,140085,0
data/IMG/2898.jpg,140130,0
data/IMG/2899.jpg,140160,0
data/IMG/2900.jpg,140205,0
data/IMG/2901.jpg,140235,0
data/IMG/2902.jpg,140280,0
data/IMG/2903.jpg,140310,0
data/IMG/2904.jpg,140355,0
data/IMG/2905.jpg,140385,0
data/IMG/2906.jpg,140430,0
data/IMG/2907.jpg,140460,0
data/IMG/2908.jpg,140490,0
data/IMG/2909.jpg,140535,0
data/IMG/2910.jpg,140565,0
data/IMG/2911.jpg,140610,0
data/IMG/2912.jpg,140640,0
data/IMG/2913.jpg,140685,0
data/IMG/2914.jpg,140715,0
data/IMG/2915.jpg,140760,0
data/IMG/2916.jpg,140790,0
data/IMG/2917.jpg,140835,0
data/IMG/2918.jpg,140865,0
data/IMG/2919.jpg,140910,0
data/IMG/2920.jpg,140940,0
data/IMG/2921.jpg,140970,0
data/IMG/2922.jpg,141015,0
data/IMG/2923.jpg,141045,0
data/IMG/2924.jpg,141090,0
data/IMG/2925.jpg,141120,0
data/IMG/2926.jpg,141165,0
data/IMG/2927.jpg,141210,0
data/IMG/2928.jpg,141240,0
data/IMG/2929.jpg,141285,0
data/IMG/2930.jpg,141315,0
data/IMG/2931.jpg,141360,0
data/IMG/2932.jpg,141390,0
data/IMG/2933.jpg,141435,0
data/IMG/2934.jpg,141465,0
data/IMG/2935.jpg,141510,0
data/IMG/2936.jpg,141540,0
data/IMG/2937.jpg,141585,0
data/IMG/2938.jpg,141630,0
data/IMG/2939.jpg,141660,0
data/IMG/2940.jpg,141705,0
data/IMG/2941.jpg,141735,0
data/IMG/2942.jpg,141780,0
data/IMG/2943.jpg,141825,0
data/IMG/2944.jpg,141870,0
data/IMG/2945.jpg,141900,0
data/IMG/2946.jpg,141930,0
data/IMG/2947.jpg,141960,0
data/IMG/2948.jpg,142005,0
data/IMG/2949.jpg,142035,0
data/IMG/2950.jpg,142080,0
data/IMG/2951.jpg,142110,0
data/IMG/2952.jpg,142155,0
data/IMG/2953.jpg,142185,0
data/IMG/2954.jpg,142215,0
data/IMG/2955.jpg,142260,0
data/IMG/2956.jpg,142305,0
data/IMG/2957.jpg,142335,0
data/IMG/2958.jpg,142365,0
data/IMG/2959.jpg,142410,0
data/IMG/2960.jpg,142440,0
data/IMG/2961.jpg,142485,0
data/IMG/2962.jpg,142530,0
data/IMG/2963.jpg,142560,0
data/IMG/2964.jpg,142605,0
data/IMG/2965.jpg,142635,0
data/IMG/2966.jpg,142680,0
data/IMG/2967.jpg,142725,0
data/IMG/2968.jpg,142755,0
data/IMG/2969.jpg,142800,0
data/IMG/2970.jpg,142830,0
data/IMG/2971.jpg,142875,0
data/IMG/2972.jpg,142920,0
data/IMG/2973.jpg,142950,0
data/IMG/2974.jpg,142995,0
data/IMG/2975.jpg,143025,0
data/IMG/2976.jpg,143070,0
data/IMG/2977.jpg,143115,0
data/IMG/2978.jpg,143145,0
data/IMG/2979.jpg,143190,0
data/IMG/2980.jpg,143235,0
data/IMG/2981.jpg,143265,0
data/IMG/2982.jpg,143310,0
data/IMG/2983.jpg,143355,0
data/IMG/2984.jpg,143385,0
data/IMG/2985.jpg,143430,0
data/IMG/2986.jpg,143460,0
data/IMG/2987.jpg,143505,0
data/IMG/2988.jpg,143550,0
data/IMG/2989.jpg,143580,0
data/IMG/2990.jpg,143625,0
data/IMG/2991.jpg,143655,0
data/IMG/2992.jpg,143700,0
data/IMG/2993.jpg,143745,0
data/IMG/2994.jpg,143775,0
data/IMG/2995.jpg,143820,0
data/IMG/2996.jpg,143850,0
data/IMG/2997.jpg,143895,0
data/IMG/2998.jpg,143925,0
data/IMG/2999.jpg,143970,0
data/IMG/3000.jpg,144015,0
data/IMG/3001.jpg,144060,0
data/IMG/3002.jpg,144090,0
data/IMG/3003.jpg,144135,0
data/IMG/3004.jpg,144180,0
data/IMG/3005.jpg,144210,0
data/IMG/3006.jpg,144255,0
data/IMG/3007.jpg,144285,0
data/IMG/3008.jpg,144330,0
data/IMG/3009.jpg,144375,0
data/IMG/3010.jpg,144405,0
data/IMG/3011.jpg,144435,0
data/IMG/3012.jpg,144480,0
data/IMG/3013.jpg,144510,0
data/IMG/3014.jpg,144555,0
data/IMG/3015.jpg,144585,0
data/IMG/3016.jpg,144630,0
data/IMG/3017.jpg,144660,0
data/IMG/3018.jpg,144705,0
data/IMG/3019.jpg,144735,0
data/IMG/3020.jpg,144780,0
data/IMG/3021.jpg,144810,0
data/IMG/3022.jpg,144855,0
data/IMG/3023.jpg,144885,0
data/IMG/3024.jpg,144930,0
data/IMG/3025.jpg,144960,0
data/IMG/3026.jpg,144990,0
data/IMG/3027.jpg,145035,0
data/IMG/3028.jpg,145065,0
data/IMG/3029.jpg,145110,0
data/IMG/3030.jpg,145140,0
data/IMG/3031.jpg,145185,0
data/IMG/3032.jpg,145215,0
data/IMG/3033.jpg,145260,0
data/IMG/3034.jpg,145290,0
data/IMG/3035.jpg,145335,0
data/IMG/3036.jpg,145365,0
data/IMG/3037.jpg,145395,0
data/IMG/3038.jpg,145440,0
data/IMG/3039.jpg,145485,0
data/IMG/3040.jpg,145515,0
data/IMG/3041.jpg,145560,0
data/IMG/3042.jpg,145605,0
data/IMG/3043.jpg,145635,0
data/IMG/3044.jpg,145680,0
data/IMG/3045.jpg,145710,0
data/IMG/3046.jpg,145755,0
data/IMG/3047.jpg,145800,0
data/IMG/3048.jpg,145830,0
data/IMG/3049.jpg,145875,0
data/IMG/3050.jpg,145920,0
data/IMG/3051.jpg,145950,0
data/IMG/3052.jpg,145995,0
data/IMG/3053.jpg,146040,0
data/IMG/3054.jpg,146070,0
data/IMG/3055.jpg,146115,0
data/IMG/3056.jpg,146160,0
data/IMG/3057.jpg,146190,0
data/IMG/3058.jpg,146235,0
data/IMG/3059.jpg,146280,0
data/IMG/3060.jpg,146310,0
data/IMG/3061.jpg,146355,0
data/IMG/3062.jpg,146400,0
data/IMG/3063.jpg,146445,0
data/IMG/3064.jpg,146475,0
data/IMG/3065.jpg,146520,0
data/IMG/3066.jpg,146565,0
data/IMG/3067.jpg,146610,0
data/IMG/3068.jpg,146640,0
data/IMG/3069.jpg,146685,0
data/IMG/3070.jpg,146730,0
data/IMG/3071.jpg,146760,0
data/IMG/3072.jpg,146805,0
data/IMG/3073.jpg,146850,0
data/IMG/3074.jpg,146880,0
data/IMG/3075.jpg,146925,0
data/IMG/3076.jpg,146955,0
data/IMG/3077.jpg,147000,0
data/IMG/3078.jpg,147030,0
data/IMG/3079.jpg,147075,0
data/IMG/3080.jpg,147120,0
data/IMG/3081.jpg,147150,0
data/IMG/3082.jpg,147195,0
data/IMG/3083.jpg,147240,0
data/IMG/3084.jpg,147285,0
data/IMG/3085.jpg,147315,0
data/IMG/3086.jpg,147360,0
data/IMG/3087.jpg,147405,0
data/IMG/3088.jpg,147435,0
data/IMG/3089.jpg,147480,0
data/IMG/3090.jpg,147510,0
data/IMG/3091.jpg,147555,0
data/IMG/3092.jpg,147600,0
data/IMG/3093.jpg,147630,0
data/IMG/3094.jpg,147675,0
data/IMG/3095.jpg,147705,0
data/IMG/3096.jpg,147750,0
data/IMG/3097.jpg,147780,0
data/IMG/3098.jpg,147810,0
data/IMG/3099.jpg,147855,0
data/IMG/3100.jpg,147885,0
data/IMG/3101.jpg,147915,0
data/IMG/3102.jpg,147960,0
data/IMG/3103.jpg,147990,0
data/IMG/3104.jpg,148035,0
data/IMG/3105.jpg,148065,0
data/IMG/3106.jpg,148110,0
data/IMG/3107.jpg,148140,0
data/IMG/3108.jpg,148185,0
data/IMG/3109.jpg,148215,0
data/IMG/3110.jpg,148260,0
data/IMG/3111.jpg,148290,0
data/IMG/3112.jpg,148335,0
data/IMG/3113.jpg,148365,0
data/IMG/3114.jpg,148410,0
data/IMG/3115.jpg,148440,0
data/IMG/3116.jpg,148485,0
data/IMG/3117.jpg,148515,0
data/IMG/3118.jpg,148560,0
data/IMG/3119.jpg,148590,0
data/IMG/3120.jpg,148635,0
data/IMG/3121.jpg,148680,0
data/IMG/3122.jpg,148710,0
data/IMG/3123.jpg,148755,0
data/IMG/3124.jpg,148800,0
data/IMG/3125.jpg,148830,0
data/IMG/3126.jpg,148875,0
data/IMG/3127.jpg,148905,0
data/IMG/3128.jpg,148950,0
data/IMG/3129.jpg,148980,0
data/IMG/3130.jpg,149025,0
data/IMG/3131.jpg,149055,0
data/IMG/3132.jpg,149100,0
data/IMG/3133.jpg,149145,0
data/IMG/3134.jpg,149175,0
data/IMG/3135.jpg,149220,0
data/IMG/3136.jpg,149250,0
data/IMG/3137.jpg,149295,0
data/IMG/3138.jpg,149325,0
data/IMG/3139.jpg,149370,0
data/IMG/3140.jpg,149415,0
data/IMG/3141.jpg,149460,0
data/IMG/3142.jpg,149490,0
data/IMG/3143.jpg,149535,0
data/IMG/3144.jpg,149565,0
data/IMG/3145.jpg,149610,0
data/IMG/3146.jpg,149655,0
data/IMG/3147.jpg,149700,0
data/IMG/3148.jpg,149745,0
data/IMG/3149.jpg,149775,0
data/IMG/3150.jpg,149820,0
data/IMG/3151.jpg,149865,0
data/IMG/3152.jpg,149910,0
data/IMG/3153.jpg,149955,0
data/IMG/3154.jpg,149985,0
data/IMG/3155.jpg,150030,0
data/IMG/3156.jpg,150075,0
data/IMG/3157.jpg,150120,0
data/IMG/3158.jpg,150150,0
data/IMG/3159.jpg,150195,0
data/IMG/3160.jpg,150240,0
data/IMG/3161.jpg,150270,0
data/IMG/3162.jpg,150315,0
data/IMG/3163.jpg,150345,0
data/IMG/3164.jpg,150390,0
data/IMG/3165.jpg,150435,0
data/IMG/3166.jpg,150465,0
data/IMG/3167.jpg,150510,0
data/IMG/3168.jpg,150540,0
data/IMG/3169.jpg,150585,0
data/IMG/3170.jpg,150615,0
data/IMG/3171.jpg,150660,0
data/IMG/3172.jpg,150690,0
data/IMG/3173.jpg,150735,0
data/IMG/3174.jpg,150765,0
data/IMG/3175.jpg,150810,0
data/IMG/3176.jpg,150855,0
data/IMG/3177.jpg,150900,0
data/IMG/3178.jpg,150930,0
data/IMG/3179.jpg,150975,0
data/IMG/3180.jpg,151005,0
data/IMG/3181.jpg,151035,0
data/IMG/3182.jpg,151080,0
data/IMG/3183.jpg,151110,0
data/IMG/3184.jpg,151155,0
data/IMG/3185.jpg,151185,0
data/IMG/3186.jpg,151215,0
data/IMG/3187.jpg,151260,0
data/IMG/3188.jpg,151290,0
data/IMG/3189.jpg,151320,0
